SourceFile,FocusLocation,FocusDistance2,HyperfocalDistance
20221009_165028.JPG,,,
20221009_165035.JPG,,,
20221009_165541.JPG,,,
DSC04388.JPG,7008 3944 3504 1972,inf,33.39 m
DSC04392.JPG,7008 3944 3504 1972,inf,48.69 m
DSC04393.JPG,7008 3944 3504 1972,inf,48.69 m
DSC04398.JPG,7008 3944 3504 1972,inf,48.69 m
DSC04400.JPG,7008 3944 3504 1972,inf,48.69 m
DSC04402.JPG,7008 3944 3504 1972,105.61 m,48.69 m
DSC04404.JPG,7008 3944 3504 1972,88.82 m,48.69 m
DSC04406.JPG,7008 3944 3504 1972,110.28 m,48.69 m
DSC04408.JPG,7008 3944 3504 1972,74.70 m,48.69 m
DSC04409.JPG,7008 3944 3504 1972,68.50 m,48.69 m
DSC04410.JPG,7008 3944 3504 1972,62.82 m,48.69 m
DSC04411.JPG,7008 3944 3504 1972,50.60 m,48.69 m
DSC04413.JPG,7008 3944 3504 1972,9.03 m,19.02 m
DSC04414.JPG,7008 3944 3504 1972,7.60 m,19.02 m
DSC04415.JPG,7008 3944 3504 1972,7.60 m,19.02 m
DSC04417.JPG,7008 3944 3504 1972,7.60 m,19.02 m
DSC04424.JPG,7008 3944 3504 1972,75.16 m,19.02 m
DSC04425.JPG,7008 3944 3504 1972,50.76 m,58.24 m
DSC04427.JPG,7008 3944 3504 1972,53.00 m,58.24 m
DSC04429.JPG,7008 3944 3504 1972,50.76 m,58.24 m
DSC04430.JPG,7008 3944 3504 1972,50.76 m,58.24 m
DSC04433.JPG,7008 3944 3504 1972,68.71 m,58.24 m
DSC04434.JPG,7008 3944 3504 1972,48.61 m,58.24 m
DSC04442.JPG,7008 3944 3504 1972,89.09 m,58.24 m
DSC04445.JPG,7008 3944 3504 1972,78.24 m,58.24 m
DSC04446.JPG,7008 3944 3504 1972,65.80 m,58.24 m
DSC04448.JPG,7008 3944 3504 1972,63.01 m,58.24 m
DSC04453.JPG,7008 3944 3504 1972,31.54 m,58.24 m
DSC04454.JPG,7008 3944 3504 1972,30.21 m,58.24 m
DSC04456.JPG,7008 3944 3504 1972,46.55 m,58.24 m
DSC04457.JPG,7008 3944 3504 1972,46.55 m,58.24 m
DSC04458.JPG,7008 3944 3504 1972,40.88 m,58.24 m
DSC04461.JPG,7008 3944 3504 1972,27.71 m,58.24 m
DSC04462.JPG,7008 3944 3504 1972,31.54 m,58.24 m
DSC04464.JPG,7008 3944 3504 1972,93.03 m,58.24 m
DSC04468.JPG,7008 3944 3504 1972,115.51 m,58.24 m
DSC04469.JPG,7008 3944 3504 1972,97.14 m,58.24 m
DSC04471.JPG,7008 3944 3504 1972,78.24 m,58.24 m
DSC04473.JPG,7008 3944 3504 1972,57.79 m,58.24 m
DSC04476.JPG,7008 3944 3504 1972,42.69 m,58.24 m
DSC04481.JPG,7008 3944 3504 1972,11.69 m,58.24 m
DSC04483.JPG,7008 3944 3504 1972,13.30 m,58.24 m
DSC04484.JPG,7008 3944 3504 1972,13.30 m,58.24 m
DSC04486.JPG,7008 3944 3504 1972,12.20 m,58.24 m
DSC04487.JPG,7008 3944 3504 1972,13.30 m,58.24 m
DSC04488.JPG,7008 3944 3504 1972,21.38 m,58.24 m
DSC04489.JPG,7008 3944 3504 1972,21.38 m,58.24 m
DSC04494.JPG,7008 3944 3504 1972,74.92 m,58.24 m
DSC04495.JPG,7008 3944 3504 1972,81.70 m,58.24 m
DSC04496.JPG,7008 3944 3504 1972,84.09 m,56.59 m
DSC04498.JPG,7008 3944 3504 1972,70.72 m,56.59 m
DSC04499.JPG,7008 3944 3504 1972,59.48 m,56.59 m
DSC04500.JPG,7008 3944 3504 1972,54.55 m,56.59 m
DSC04501.JPG,7008 3944 3504 1972,54.55 m,56.59 m
DSC04502.JPG,7008 3944 3504 1972,54.55 m,56.59 m
DSC04503.JPG,7008 3944 3504 1972,50.03 m,56.59 m
DSC04506.JPG,7008 3944 3504 1972,23.99 m,56.59 m
DSC04510.JPG,7008 3944 3504 1972,41.74 m,18.08 m
DSC04511.JPG,7008 3944 3504 1972,32.20 m,18.08 m
DSC04520.JPG,7008 3944 3504 1972,inf,19.02 m
DSC04524.JPG,7008 3944 3504 1972,inf,19.02 m
DSC04525.JPG,7008 3944 3504 1972,inf,19.02 m
DSC04526.JPG,7008 3944 3504 1972,inf,19.02 m
DSC04527.JPG,7008 3944 3504 1972,inf,19.02 m
DSC04532.JPG,7008 3944 3504 1972,inf,19.02 m
DSC04533.JPG,7008 3944 3504 1972,66.01 m,19.02 m
DSC04534.JPG,7008 3944 3504 1972,68.93 m,19.02 m
DSC04536.JPG,7008 3944 3504 1972,63.21 m,19.02 m
DSC04539.JPG,7008 3944 3504 1972,68.93 m,19.02 m
DSC04541.JPG,7008 3944 3504 1972,60.53 m,19.02 m
DSC04543.JPG,7008 3944 3504 1972,63.21 m,19.02 m
DSC04545.JPG,7008 3944 3504 1972,68.93 m,19.02 m
DSC04546.JPG,7008 3944 3504 1972,68.93 m,19.02 m
DSC04547.JPG,7008 3944 3504 1972,60.53 m,19.02 m
DSC04554.JPG,7008 3944 3504 1972,29.73 m,10.00 m
DSC04555.JPG,7008 3944 3504 1972,20.14 m,10.00 m
DSC04559.JPG,7008 3944 3504 1972,14.25 m,10.00 m
DSC04563.JPG,7008 3944 3504 1972,inf,10.00 m
DSC04564.JPG,7008 3944 3504 1972,45.83 m,10.00 m
DSC04565.JPG,7008 3944 3504 1972,45.83 m,10.00 m
DSC04566.JPG,7008 3944 3504 1972,36.91 m,10.00 m
DSC04571.JPG,7008 3944 3504 1972,inf,10.00 m
DSC04572.JPG,7008 3944 3504 1972,inf,10.00 m
DSC04573.JPG,7008 3944 3504 1972,52.18 m,10.00 m
DSC04576.JPG,7008 3944 3504 1972,inf,10.00 m
DSC04578.JPG,7008 3944 3504 1972,inf,10.00 m
DSC04579.JPG,7008 3944 3504 1972,inf,10.00 m
DSC04580.JPG,7008 3944 3504 1972,43.88 m,10.00 m
DSC04581.JPG,7008 3944 3504 1972,inf,10.00 m
DSC04582.JPG,7008 3944 3504 1972,inf,10.00 m
DSC04583.JPG,7008 3944 3504 1972,inf,10.00 m
DSC04584.JPG,7008 3944 3504 1972,49.97 m,10.00 m
DSC04586.JPG,7008 3944 3504 1972,26.11 m,10.00 m
DSC04587.JPG,7008 3944 3504 1972,20.14 m,10.00 m
DSC04590.JPG,7008 3944 3504 1972,17.69 m,10.00 m
DSC04594.JPG,7008 3944 3504 1972,42.03 m,10.00 m
DSC04597.JPG,7008 3944 3504 1972,21.96 m,10.00 m
DSC04601.JPG,7008 3944 3504 1972,21.96 m,10.00 m
DSC04605.JPG,7008 3944 3504 1972,26.11 m,10.00 m
DSC04606.JPG,7008 3944 3504 1972,13.64 m,10.00 m
DSC04608.JPG,7008 3944 3504 1972,13.07 m,10.00 m
DSC04609.JPG,7008 3944 3504 1972,11.48 m,10.00 m
DSC04611.JPG,7008 3944 3504 1972,17.69 m,10.00 m
DSC04612.JPG,7008 3944 3504 1972,21.96 m,10.00 m
DSC04616.JPG,7008 3944 3504 1972,125.96 m,58.24 m
DSC04617.JPG,7008 3944 3504 1972,125.96 m,58.24 m
DSC04620.JPG,7008 3944 3504 1972,110.62 m,58.24 m
DSC04621.JPG,7008 3944 3504 1972,97.14 m,58.24 m
DSC04624.JPG,7008 3944 3504 1972,78.24 m,58.24 m
DSC04626.JPG,7008 3944 3504 1972,81.70 m,58.24 m
DSC04627.JPG,7008 3944 3504 1972,37.50 m,58.24 m
DSC04628.JPG,7008 3944 3504 1972,40.88 m,58.24 m
DSC04629.JPG,7008 3944 3504 1972,48.61 m,58.24 m
DSC04630.JPG,7008 3944 3504 1972,48.61 m,58.24 m
DSC04632.JPG,7008 3944 3504 1972,55.34 m,58.24 m
DSC04634.JPG,7008 3944 3504 1972,71.75 m,58.24 m
DSC04638.JPG,7008 3944 3504 1972,81.70 m,58.24 m
DSC04641.JPG,7008 3944 3504 1972,125.96 m,58.24 m
DSC04644.JPG,7008 3944 3504 1972,115.51 m,58.24 m
DSC04645.JPG,7008 3944 3504 1972,115.51 m,58.24 m
DSC04650.JPG,7008 3944 3504 1972,120.62 m,58.24 m
DSC04651.JPG,7008 3944 3504 1972,115.51 m,58.24 m
DSC04653.JPG,7008 3944 3504 1972,110.62 m,58.24 m
DSC04654.JPG,7008 3944 3504 1972,131.53 m,58.24 m
DSC04655.JPG,7008 3944 3504 1972,115.51 m,58.24 m
DSC04659.JPG,7008 3944 3504 1972,110.62 m,58.24 m
DSC04661.JPG,7008 3944 3504 1972,89.09 m,58.24 m
DSC04664.JPG,7008 3944 3504 1972,81.70 m,58.24 m
DSC04667.JPG,7008 3944 3504 1972,60.35 m,58.24 m
DSC04668.JPG,7008 3944 3504 1972,57.79 m,58.24 m
DSC04671.JPG,7008 3944 3504 1972,48.61 m,58.24 m
DSC04673.JPG,7008 3944 3504 1972,28.93 m,58.24 m
DSC04674.JPG,7008 3944 3504 1972,28.93 m,58.24 m
DSC04679.JPG,7008 3944 3504 1972,6.41 m,58.24 m
DSC04682.JPG,7008 3944 3504 1972,46.55 m,58.24 m
DSC04684.JPG,7008 3944 3504 1972,46.55 m,58.24 m
DSC04685.JPG,7008 3944 3504 1972,48.61 m,58.24 m
DSC04686.JPG,7008 3944 3504 1972,75.85 m,27.39 m
DSC04687.JPG,7008 3944 3504 1972,75.85 m,27.39 m
DSC04688.JPG,7008 3944 3504 1972,75.85 m,27.39 m
DSC04689.JPG,7008 3944 3504 1972,75.85 m,27.39 m
DSC04690.JPG,7008 3944 3504 1972,inf,27.39 m
DSC04692.JPG,7008 3944 3504 1972,75.85 m,27.39 m
DSC04694.JPG,7008 3944 3504 1972,inf,27.39 m
DSC04696.JPG,7008 3944 3504 1972,inf,27.39 m
DSC04697.JPG,7008 3944 3504 1972,inf,27.39 m
DSC04698.JPG,7008 3944 3504 1972,inf,27.39 m
DSC04699.JPG,7008 3944 3504 1972,inf,27.39 m
DSC04700.JPG,7008 3944 3504 1972,49.20 m,27.39 m
DSC04705.JPG,7008 3944 3504 1972,46.55 m,58.24 m
DSC04706.JPG,7008 3944 3504 1972,25.41 m,58.24 m
DSC04709.JPG,7008 3944 3504 1972,40.88 m,58.24 m
DSC04710.JPG,7008 3944 3504 1972,34.39 m,58.24 m
DSC04711.JPG,7008 3944 3504 1972,31.54 m,58.24 m
DSC04712.JPG,7008 3944 3504 1972,30.21 m,58.24 m
DSC04713.JPG,7008 3944 3504 1972,27.71 m,58.24 m
DSC04714.JPG,7008 3944 3504 1972,27.71 m,58.24 m
DSC04716.JPG,7008 3944 3504 1972,28.93 m,58.24 m
DSC04717.JPG,7008 3944 3504 1972,24.34 m,58.24 m
DSC04718.JPG,7008 3944 3504 1972,30.21 m,58.24 m
DSC04719.JPG,7008 3944 3504 1972,15.81 m,58.24 m
DSC04720.JPG,7008 3944 3504 1972,89.09 m,58.24 m
DSC04722.JPG,7008 3944 3504 1972,131.53 m,58.24 m
DSC04723.JPG,7008 3944 3504 1972,inf,58.24 m
DSC04727.JPG,7008 3944 3504 1972,131.53 m,58.24 m
DSC04728.JPG,7008 3944 3504 1972,120.62 m,58.24 m
DSC04729.JPG,7008 3944 3504 1972,inf,58.24 m
DSC04730.JPG,7008 3944 3504 1972,inf,58.24 m
DSC04731.JPG,7008 3944 3504 1972,inf,58.24 m
DSC04732.JPG,7008 3944 3504 1972,125.96 m,58.24 m
DSC04734.JPG,7008 3944 3504 1972,125.96 m,58.24 m
DSC04736.JPG,7008 3944 3504 1972,inf,58.24 m
DSC04747.JPG,7008 3944 3504 1972,120.62 m,58.24 m
DSC04750.JPG,7008 3944 3504 1972,125.96 m,58.24 m
DSC04752.JPG,7008 3944 3504 1972,105.93 m,58.24 m
DSC04757.JPG,7008 3944 3504 1972,101.44 m,58.24 m
DSC04762.JPG,7008 3944 3504 1972,89.09 m,58.24 m
DSC04764.JPG,7008 3944 3504 1972,93.03 m,58.24 m
DSC04770.JPG,7008 3944 3504 1972,48.61 m,58.24 m
DSC04773.JPG,7008 3944 3504 1972,22.32 m,58.24 m
DSC04776.JPG,7008 3944 3504 1972,42.53 m,12.17 m
DSC04777.JPG,7008 3944 3504 1972,40.73 m,12.17 m
DSC04785.JPG,7008 3944 3504 1972,37.35 m,12.17 m
DSC04792.JPG,7008 3944 3504 1972,inf,12.17 m
DSC04795.JPG,7008 3944 3504 1972,85.31 m,58.24 m
DSC04799.JPG,7008 3944 3504 1972,85.31 m,58.24 m
DSC04800.JPG,7008 3944 3504 1972,85.31 m,58.24 m
DSC04805.JPG,7008 3944 3504 1972,65.80 m,58.24 m
DSC04806.JPG,7008 3944 3504 1972,39.15 m,58.24 m
DSC04809.JPG,7008 3944 3504 1972,30.21 m,58.24 m
DSC04812.JPG,7008 3944 3504 1972,8.12 m,33.39 m
DSC04813.JPG,7008 3944 3504 1972,6.55 m,33.39 m
DSC04815.JPG,7008 3944 3504 1972,6.01 m,33.39 m
DSC04816.JPG,7008 3944 3504 1972,inf,35.96 m
DSC04820.JPG,7008 3944 3504 1972,inf,58.24 m
DSC04821.JPG,7008 3944 3504 1972,97.14 m,58.24 m
DSC04822.JPG,7008 3944 3504 1972,115.51 m,58.24 m
DSC04826.JPG,7008 3944 3504 1972,71.75 m,58.24 m
DSC04827.JPG,7008 3944 3504 1972,78.24 m,58.24 m
DSC04828.JPG,7008 3944 3504 1972,68.71 m,58.24 m
DSC04830.JPG,7008 3944 3504 1972,65.80 m,58.24 m
DSC04832.JPG,7008 3944 3504 1972,28.93 m,58.24 m
DSC04833.JPG,7008 3944 3504 1972,26.53 m,58.24 m
DSC04834.JPG,7008 3944 3504 1972,30.21 m,58.24 m
DSC04835.JPG,7008 3944 3504 1972,68.71 m,58.24 m
DSC04836.JPG,7008 3944 3504 1972,60.35 m,58.24 m
DSC04837.JPG,7008 3944 3504 1972,81.70 m,58.24 m
DSC04838.JPG,7008 3944 3504 1972,74.92 m,58.24 m
DSC04839.JPG,7008 3944 3504 1972,74.92 m,58.24 m
DSC04840.JPG,7008 3944 3504 1972,46.55 m,58.24 m
DSC04844.JPG,7008 3944 3504 1972,inf,6.85 m
DSC04849.JPG,7008 3944 3504 1972,inf,6.85 m
DSC04850.JPG,7008 3944 3504 1972,inf,6.85 m
DSC04852.JPG,7008 3944 3504 1972,inf,6.85 m
DSC04855.JPG,7008 3944 3504 1972,inf,6.85 m
DSC04857.JPG,7008 3944 3504 1972,inf,6.85 m
DSC04858.JPG,7008 3944 3504 1972,inf,6.85 m
DSC04859.JPG,7008 3944 3504 1972,inf,6.85 m
DSC04861.JPG,7008 3944 3504 1972,110.62 m,58.24 m
DSC04863.JPG,7008 3944 3504 1972,131.53 m,58.24 m
DSC04865.JPG,7008 3944 3504 1972,81.70 m,58.24 m
DSC04867.JPG,7008 3944 3504 1972,85.31 m,58.24 m
DSC04868.JPG,7008 3944 3504 1972,110.62 m,58.24 m
DSC04870.JPG,7008 3944 3504 1972,44.58 m,58.24 m
DSC04873.JPG,7008 3944 3504 1972,37.86 m,29.72 m
DSC04875.JPG,7008 3944 3504 1972,41.28 m,29.72 m
DSC04878.JPG,7008 3944 3504 1972,41.28 m,29.72 m
DSC04879.JPG,7008 3944 3504 1972,37.86 m,29.72 m
DSC04880.JPG,7008 3944 3504 1972,37.86 m,29.72 m
DSC04884.JPG,7008 3944 3504 1972,17.38 m,29.72 m
DSC04885.JPG,7008 3944 3504 1972,17.38 m,29.72 m
DSC04886.JPG,7008 3944 3504 1972,15.95 m,29.72 m
DSC04891.JPG,7008 3944 3504 1972,27.71 m,58.24 m
DSC04892.JPG,7008 3944 3504 1972,26.53 m,58.24 m
DSC04893.JPG,7008 3944 3504 1972,26.53 m,58.24 m
DSC04895.JPG,7008 3944 3504 1972,26.53 m,58.24 m
DSC04896.JPG,7008 3944 3504 1972,26.53 m,58.24 m
DSC04897.JPG,7008 3944 3504 1972,26.53 m,58.24 m
DSC04898.JPG,7008 3944 3504 1972,25.41 m,58.24 m
DSC04899.JPG,7008 3944 3504 1972,35.91 m,58.24 m
DSC04900.JPG,7008 3944 3504 1972,34.39 m,58.24 m
DSC04901.JPG,7008 3944 3504 1972,32.94 m,58.24 m
DSC04902.JPG,7008 3944 3504 1972,32.94 m,58.24 m
DSC04903.JPG,7008 3944 3504 1972,32.94 m,58.24 m
DSC04904.JPG,7008 3944 3504 1972,27.71 m,58.24 m
DSC04906.JPG,7008 3944 3504 1972,27.71 m,58.24 m
DSC04907.JPG,7008 3944 3504 1972,26.53 m,58.24 m
DSC04908.JPG,7008 3944 3504 1972,27.71 m,58.24 m
DSC04911.JPG,7008 3944 3504 1972,63.01 m,58.24 m
DSC04913.JPG,7008 3944 3504 1972,40.88 m,58.24 m
DSC04914.JPG,7008 3944 3504 1972,40.88 m,58.24 m
DSC04915.JPG,7008 3944 3504 1972,40.88 m,58.24 m
DSC04916.JPG,7008 3944 3504 1972,35.91 m,58.24 m
DSC04918.JPG,7008 3944 3504 1972,37.50 m,58.24 m
DSC04919.JPG,7008 3944 3504 1972,37.50 m,58.24 m
DSC04920.JPG,7008 3944 3504 1972,37.50 m,58.24 m
DSC04921.JPG,7008 3944 3504 1972,57.79 m,58.24 m
DSC04922.JPG,7008 3944 3504 1972,30.21 m,58.24 m
DSC04923.JPG,7008 3944 3504 1972,32.94 m,58.24 m
DSC04926.JPG,7008 3944 3504 1972,48.61 m,58.24 m
DSC04928.JPG,7008 3944 3504 1972,50.76 m,58.24 m
DSC04931.JPG,7008 3944 3504 1972,39.15 m,58.24 m
DSC04932.JPG,7008 3944 3504 1972,115.51 m,58.24 m
DSC04933.JPG,7008 3944 3504 1972,131.53 m,58.24 m
DSC04934.JPG,7008 3944 3504 1972,110.62 m,58.24 m
DSC04935.JPG,7008 3944 3504 1972,115.51 m,58.24 m
DSC04936.JPG,7008 3944 3504 1972,115.51 m,58.24 m
DSC04937.JPG,7008 3944 3504 1972,115.51 m,58.24 m
DSC04938.JPG,7008 3944 3504 1972,131.53 m,58.24 m
DSC04939.JPG,7008 3944 3504 1972,110.62 m,58.24 m
DSC04940.JPG,7008 3944 3504 1972,115.51 m,58.24 m
DSC04941.JPG,7008 3944 3504 1972,125.96 m,58.24 m
DSC04942.JPG,7008 3944 3504 1972,105.93 m,58.24 m
DSC04944.JPG,7008 3944 3504 1972,74.92 m,58.24 m
DSC04945.JPG,7008 3944 3504 1972,63.01 m,58.24 m
DSC04947.JPG,7008 3944 3504 1972,40.88 m,58.24 m
DSC04948.JPG,7008 3944 3504 1972,40.88 m,58.24 m
DSC04949.JPG,7008 3944 3504 1972,42.69 m,58.24 m
DSC04950.JPG,7008 3944 3504 1972,42.69 m,58.24 m
DSC04952.JPG,7008 3944 3504 1972,42.69 m,58.24 m
DSC04953.JPG,7008 3944 3504 1972,42.69 m,58.24 m
DSC04954.JPG,7008 3944 3504 1972,42.69 m,58.24 m
DSC04955.JPG,7008 3944 3504 1972,39.15 m,58.24 m
DSC04956.JPG,7008 3944 3504 1972,39.15 m,58.24 m
DSC04957.JPG,7008 3944 3504 1972,inf,6.85 m
DSC04958.JPG,7008 3944 3504 1972,inf,6.85 m
DSC04959.JPG,7008 3944 3504 1972,inf,6.85 m
DSC04960.JPG,7008 3944 3504 1972,inf,6.85 m
DSC04961.JPG,7008 3944 3504 1972,inf,6.85 m
DSC04962.JPG,7008 3944 3504 1972,inf,6.85 m
DSC04963.JPG,7008 3944 3504 1972,42.69 m,58.24 m
DSC04964.JPG,7008 3944 3504 1972,31.54 m,58.24 m
DSC04965.JPG,7008 3944 3504 1972,63.01 m,58.24 m
DSC04966.JPG,7008 3944 3504 1972,32.94 m,58.24 m
DSC04967.JPG,7008 3944 3504 1972,81.70 m,58.24 m
DSC04968.JPG,7008 3944 3504 1972,42.69 m,58.24 m
DSC04972.JPG,7008 3944 3504 1972,115.51 m,58.24 m
DSC04973.JPG,7008 3944 3504 1972,97.14 m,58.24 m
DSC04975.JPG,7008 3944 3504 1972,93.03 m,58.24 m
DSC04977.JPG,7008 3944 3504 1972,101.44 m,58.24 m
DSC04978.JPG,7008 3944 3504 1972,105.93 m,58.24 m
DSC04979.JPG,7008 3944 3504 1972,105.93 m,58.24 m
DSC04980.JPG,7008 3944 3504 1972,120.62 m,58.24 m
DSC04981.JPG,7008 3944 3504 1972,97.14 m,58.24 m
DSC04983.JPG,7008 3944 3504 1972,78.24 m,58.24 m
DSC04985.JPG,7008 3944 3504 1972,89.09 m,58.24 m
DSC04986.JPG,7008 3944 3504 1972,89.09 m,58.24 m
DSC04989.JPG,7008 3944 3504 1972,89.09 m,58.24 m
DSC04990.JPG,7008 3944 3504 1972,78.24 m,58.24 m
DSC04993.JPG,7008 3944 3504 1972,85.31 m,58.24 m
DSC04994.JPG,7008 3944 3504 1972,78.24 m,58.24 m
DSC04995.JPG,7008 3944 3504 1972,78.24 m,58.24 m
DSC04997.JPG,7008 3944 3504 1972,60.35 m,58.24 m
DSC04998.JPG,7008 3944 3504 1972,60.35 m,58.24 m
DSC04999.JPG,7008 3944 3504 1972,60.35 m,58.24 m
DSC05000.JPG,7008 3944 3504 1972,50.76 m,58.24 m
DSC05001.JPG,7008 3944 3504 1972,50.76 m,58.24 m
DSC05002.JPG,7008 3944 3504 1972,39.15 m,58.24 m
DSC05003.JPG,7008 3944 3504 1972,55.34 m,58.24 m
DSC05005.JPG,7008 3944 3504 1972,53.00 m,58.24 m
DSC05006.JPG,7008 3944 3504 1972,55.34 m,58.24 m
DSC05007.JPG,7008 3944 3504 1972,55.34 m,58.24 m
DSC05008.JPG,7008 3944 3504 1972,55.34 m,58.24 m
DSC05009.JPG,7008 3944 3504 1972,55.34 m,58.24 m
DSC05010.JPG,7008 3944 3504 1972,23.31 m,58.24 m
DSC05011.JPG,7008 3944 3504 1972,23.31 m,58.24 m
DSC05012.JPG,7008 3944 3504 1972,16.50 m,58.24 m
DSC05013.JPG,7008 3944 3504 1972,16.50 m,58.24 m
DSC05014.JPG,7008 3944 3504 1972,37.50 m,58.24 m
DSC05016.JPG,7008 3944 3504 1972,28.93 m,58.24 m
DSC05017.JPG,7008 3944 3504 1972,34.39 m,58.24 m
DSC05018.JPG,7008 3944 3504 1972,30.21 m,58.24 m
DSC05019.JPG,7008 3944 3504 1972,30.21 m,58.24 m
DSC05020.JPG,7008 3944 3504 1972,23.31 m,58.24 m
DSC05023.JPG,7008 3944 3504 1972,23.31 m,58.24 m
DSC05024.JPG,7008 3944 3504 1972,10.27 m,58.24 m
DSC05025.JPG,7008 3944 3504 1972,10.27 m,58.24 m
DSC05026.JPG,7008 3944 3504 1972,11.20 m,58.24 m
DSC05027.JPG,7008 3944 3504 1972,65.80 m,58.24 m
DSC05029.JPG,7008 3944 3504 1972,3.52 m,58.24 m
DSC05032.JPG,7008 3944 3504 1972,40.88 m,58.24 m
DSC05033.JPG,7008 3944 3504 1972,39.15 m,58.24 m
DSC05034.JPG,7008 3944 3504 1972,39.15 m,58.24 m
DSC05035.JPG,7008 3944 3504 1972,39.15 m,58.24 m
DSC05036.JPG,7008 3944 3504 1972,35.91 m,58.24 m
DSC05037.JPG,7008 3944 3504 1972,35.91 m,58.24 m
DSC05038.JPG,7008 3944 3504 1972,39.15 m,58.24 m
DSC05039.JPG,7008 3944 3504 1972,39.15 m,58.24 m
DSC05040.JPG,7008 3944 3504 1972,39.15 m,58.24 m
DSC05041.JPG,7008 3944 3504 1972,39.15 m,58.24 m
DSC05042.JPG,7008 3944 3504 1972,39.15 m,58.24 m
DSC05043.JPG,7008 3944 3504 1972,63.01 m,58.24 m
DSC05044.JPG,7008 3944 3504 1972,63.01 m,58.24 m
DSC05045.JPG,7008 3944 3504 1972,63.01 m,58.24 m
DSC05046.JPG,7008 3944 3504 1972,63.01 m,58.24 m
DSC05047.JPG,7008 3944 3504 1972,48.61 m,58.24 m
DSC05048.JPG,7008 3944 3504 1972,44.58 m,58.24 m
DSC05049.JPG,7008 3944 3504 1972,105.93 m,58.24 m
DSC05051.JPG,7008 3944 3504 1972,65.80 m,58.24 m
DSC05054.JPG,7008 3944 3504 1972,6.69 m,58.24 m
DSC05056.JPG,7008 3944 3504 1972,46.55 m,58.24 m
DSC05057.JPG,7008 3944 3504 1972,46.55 m,58.24 m
DSC05058.JPG,7008 3944 3504 1972,48.61 m,58.24 m
DSC05059.JPG,7008 3944 3504 1972,37.50 m,58.24 m
DSC05060.JPG,7008 3944 3504 1972,37.50 m,58.24 m
DSC05061.JPG,7008 3944 3504 1972,27.71 m,58.24 m
DSC05062.JPG,7008 3944 3504 1972,28.93 m,58.24 m
DSC05064.JPG,7008 3944 3504 1972,7.28 m,58.24 m
DSC05065.JPG,7008 3944 3504 1972,42.69 m,58.24 m
DSC05067.JPG,7008 3944 3504 1972,39.15 m,58.24 m
DSC05068.JPG,7008 3944 3504 1972,16.50 m,58.24 m
DSC05069.JPG,7008 3944 3504 1972,16.50 m,58.24 m
DSC05070.JPG,7008 3944 3504 1972,34.39 m,58.24 m
DSC05071.JPG,7008 3944 3504 1972,32.94 m,58.24 m
DSC05072.JPG,7008 3944 3504 1972,49.24 m,25.15 m
DSC05074.JPG,7008 3944 3504 1972,36.37 m,25.15 m
DSC05075.JPG,7008 3944 3504 1972,24.64 m,25.15 m
DSC05076.JPG,7008 3944 3504 1972,24.64 m,25.15 m
DSC05077.JPG,7008 3944 3504 1972,28.05 m,25.15 m
DSC05079.JPG,7008 3944 3504 1972,45.15 m,25.15 m
DSC05080.JPG,7008 3944 3504 1972,41.41 m,25.15 m
DSC05081.JPG,7008 3944 3504 1972,39.66 m,25.15 m
DSC05083.JPG,7008 3944 3504 1972,36.37 m,25.15 m
DSC05084.JPG,7008 3944 3504 1972,36.37 m,25.15 m
DSC05085.JPG,7008 3944 3504 1972,28.05 m,25.15 m
DSC05086.JPG,7008 3944 3504 1972,34.83 m,25.15 m
DSC05087.JPG,7008 3944 3504 1972,45.15 m,25.15 m
DSC05088.JPG,7008 3944 3504 1972,41.41 m,25.15 m
DSC05089.JPG,7008 3944 3504 1972,39.66 m,25.15 m
DSC05090.JPG,7008 3944 3504 1972,47.15 m,25.15 m
DSC05091.JPG,7008 3944 3504 1972,36.37 m,25.15 m
DSC05092.JPG,7008 3944 3504 1972,36.37 m,25.15 m
DSC05093.JPG,7008 3944 3504 1972,36.37 m,25.15 m
DSC05094.JPG,7008 3944 3504 1972,39.66 m,25.15 m
DSC05095.JPG,7008 3944 3504 1972,72.69 m,25.15 m
DSC05096.JPG,7008 3944 3504 1972,inf,21.98 m
DSC05097.JPG,7008 3944 3504 1972,inf,21.98 m
DSC05099.JPG,7008 3944 3504 1972,inf,21.98 m
DSC05100.JPG,7008 3944 3504 1972,67.95 m,21.98 m
DSC05101.JPG,7008 3944 3504 1972,74.10 m,21.98 m
DSC05102.JPG,7008 3944 3504 1972,60.35 m,58.24 m
DSC05103.JPG,7008 3944 3504 1972,65.80 m,58.24 m
DSC05104.JPG,7008 3944 3504 1972,78.24 m,58.24 m
DSC05109.JPG,7008 3944 3504 1972,27.71 m,58.24 m
DSC05112.JPG,7008 3944 3504 1972,37.50 m,58.24 m
DSC05113.JPG,7008 3944 3504 1972,37.50 m,58.24 m
DSC05114.JPG,7008 3944 3504 1972,37.50 m,58.24 m
DSC05115.JPG,7008 3944 3504 1972,35.91 m,58.24 m
DSC05116.JPG,7008 3944 3504 1972,35.91 m,58.24 m
DSC05117.JPG,7008 3944 3504 1972,37.50 m,58.24 m
DSC05118.JPG,7008 3944 3504 1972,37.50 m,58.24 m
DSC05119.JPG,7008 3944 3504 1972,34.39 m,58.24 m
DSC05120.JPG,7008 3944 3504 1972,24.34 m,58.24 m
DSC05122.JPG,7008 3944 3504 1972,23.31 m,58.24 m
DSC05123.JPG,7008 3944 3504 1972,23.31 m,58.24 m
DSC05124.JPG,7008 3944 3504 1972,23.31 m,58.24 m
DSC05125.JPG,7008 3944 3504 1972,23.31 m,58.24 m
DSC05126.JPG,7008 3944 3504 1972,17.23 m,58.24 m
DSC05127.JPG,7008 3944 3504 1972,24.34 m,58.24 m
DSC05128.JPG,7008 3944 3504 1972,22.32 m,58.24 m
DSC05130.JPG,7008 3944 3504 1972,23.31 m,58.24 m
DSC05131.JPG,7008 3944 3504 1972,37.50 m,58.24 m
DSC05132.JPG,7008 3944 3504 1972,37.50 m,58.24 m
DSC05134.JPG,7008 3944 3504 1972,97.14 m,58.24 m
DSC05136.JPG,7008 3944 3504 1972,26.53 m,58.24 m
DSC05137.JPG,7008 3944 3504 1972,24.34 m,58.24 m
DSC05140.JPG,7008 3944 3504 1972,48.61 m,58.24 m
DSC05141.JPG,7008 3944 3504 1972,22.32 m,58.24 m
DSC05143.JPG,7008 3944 3504 1972,48.61 m,58.24 m
DSC05145.JPG,7008 3944 3504 1972,46.55 m,58.24 m
DSC05147.JPG,7008 3944 3504 1972,57.79 m,58.24 m
DSC05148.JPG,7008 3944 3504 1972,25.41 m,58.24 m
DSC05149.JPG,7008 3944 3504 1972,25.41 m,58.24 m
DSC05150.JPG,7008 3944 3504 1972,60.35 m,58.24 m
DSC05156.JPG,7008 3944 3504 1972,50.50 m,17.16 m
DSC05160.JPG,7008 3944 3504 1972,27.55 m,17.16 m
DSC05161.JPG,7008 3944 3504 1972,63.84 m,25.15 m
DSC05163.JPG,7008 3944 3504 1972,63.84 m,25.15 m
DSC05164.JPG,7008 3944 3504 1972,66.66 m,25.15 m
DSC05166.JPG,7008 3944 3504 1972,66.66 m,25.15 m
DSC05172.JPG,7008 3944 3504 1972,47.15 m,25.15 m
DSC05177.JPG,7008 3944 3504 1972,61.13 m,25.15 m
DSC05178.JPG,7008 3944 3504 1972,51.41 m,25.15 m
DSC05179.JPG,7008 3944 3504 1972,51.41 m,25.15 m
DSC05185.JPG,7008 3944 3504 1972,34.83 m,25.15 m
DSC05190.JPG,7008 3944 3504 1972,12.74 m,58.24 m
DSC05192.JPG,7008 3944 3504 1972,9.84 m,58.24 m
DSC05193.JPG,7008 3944 3504 1972,9.84 m,58.24 m
DSC05195.JPG,7008 3944 3504 1972,37.50 m,58.24 m
DSC05196.JPG,7008 3944 3504 1972,25.41 m,58.24 m
DSC05198.JPG,7008 3944 3504 1972,35.59 m,26.26 m
DSC05200.JPG,7008 3944 3504 1972,35.59 m,26.26 m
DSC05208.JPG,7008 3944 3504 1972,inf,58.24 m
DSC05209.JPG,7008 3944 3504 1972,101.44 m,58.24 m
DSC05211.JPG,7008 3944 3504 1972,120.62 m,58.24 m
DSC05212.JPG,7008 3944 3504 1972,131.53 m,58.24 m
DSC05214.JPG,7008 3944 3504 1972,105.93 m,58.24 m
DSC05218.JPG,7008 3944 3504 1972,65.80 m,58.24 m
DSC05220.JPG,7008 3944 3504 1972,42.69 m,58.24 m
DSC05227.JPG,7008 3944 3504 1972,44.58 m,58.24 m
DSC05229.JPG,7008 3944 3504 1972,50.76 m,58.24 m
DSC05230.JPG,7008 3944 3504 1972,24.34 m,58.24 m
DSC05231.JPG,7008 3944 3504 1972,24.34 m,58.24 m
DSC05232.JPG,7008 3944 3504 1972,48.61 m,58.24 m
DSC05233.JPG,7008 3944 3504 1972,37.50 m,58.24 m
DSC05234.JPG,7008 3944 3504 1972,39.15 m,58.24 m
DSC05235.JPG,7008 3944 3504 1972,105.93 m,58.24 m
DSC05239.JPG,7008 3944 3504 1972,57.79 m,58.24 m
DSC05258.JPG,7008 3944 3504 1972,110.62 m,58.24 m
DSC05260.JPG,7008 3944 3504 1972,48.61 m,58.24 m
DSC05263.JPG,7008 3944 3504 1972,14.50 m,58.24 m
DSC05264.JPG,7008 3944 3504 1972,8.65 m,58.24 m
DSC05272.JPG,7008 3944 3504 1972,97.14 m,58.24 m
DSC05275.JPG,7008 3944 3504 1972,110.62 m,58.24 m
DSC05284.JPG,7008 3944 3504 1972,15.14 m,58.24 m
DSC05285.JPG,7008 3944 3504 1972,10.27 m,58.24 m
DSC05287.JPG,7008 3944 3504 1972,8.65 m,58.24 m
DSC05289.JPG,7008 3944 3504 1972,27.71 m,58.24 m
DSC05291.JPG,7008 3944 3504 1972,inf,12.94 m
DSC05295.JPG,7008 3944 3504 1972,35.91 m,58.24 m
DSC05297.JPG,7008 3944 3504 1972,12.74 m,58.24 m
DSC05302.JPG,7008 3944 3504 1972,13.89 m,58.24 m
DSC05306.JPG,7008 3944 3504 1972,25.41 m,58.24 m
DSC05308.JPG,7008 3944 3504 1972,30.21 m,58.24 m
DSC05311.JPG,7008 3944 3504 1972,50.76 m,58.24 m
DSC05312.JPG,7008 3944 3504 1972,39.15 m,58.24 m
DSC05313.JPG,7008 3944 3504 1972,57.79 m,58.24 m
DSC05315.JPG,7008 3944 3504 1972,46.55 m,58.24 m
DSC05316.JPG,7008 3944 3504 1972,46.55 m,58.24 m
DSC05317.JPG,7008 3944 3504 1972,42.69 m,58.24 m
DSC05318.JPG,7008 3944 3504 1972,40.88 m,58.24 m
DSC05319.JPG,7008 3944 3504 1972,68.71 m,58.24 m
DSC05320.JPG,7008 3944 3504 1972,63.01 m,58.24 m
DSC05322.JPG,7008 3944 3504 1972,93.03 m,58.24 m
DSC05324.JPG,7008 3944 3504 1972,65.80 m,58.24 m
DSC05325.JPG,7008 3944 3504 1972,65.80 m,58.24 m
DSC05326.JPG,7008 3944 3504 1972,78.24 m,58.24 m
DSC05327.JPG,7008 3944 3504 1972,42.69 m,58.24 m
DSC05328.JPG,7008 3944 3504 1972,37.50 m,58.24 m
DSC05333.JPG,7008 3944 3504 1972,6.69 m,58.24 m
DSC05336.JPG,7008 3944 3504 1972,21.56 m,45.69 m
DSC05337.JPG,7008 3944 3504 1972,18.14 m,45.69 m
DSC05338.JPG,7008 3944 3504 1972,15.26 m,45.69 m
DSC05340.JPG,7008 3944 3504 1972,18.94 m,45.69 m
DSC05341.JPG,7008 3944 3504 1972,19.45 m,44.23 m
DSC05342.JPG,7008 3944 3504 1972,17.09 m,44.23 m
DSC05343.JPG,7008 3944 3504 1972,35.63 m,44.23 m
DSC05344.JPG,7008 3944 3504 1972,40.56 m,44.23 m
DSC05345.JPG,7008 3944 3504 1972,40.56 m,44.23 m
DSC05347.JPG,7008 3944 3504 1972,54.91 m,44.23 m
DSC05350.JPG,7008 3944 3504 1972,40.56 m,44.23 m
DSC05352.JPG,7008 3944 3504 1972,71.19 m,44.23 m
DSC05353.JPG,7008 3944 3504 1972,71.19 m,44.23 m
DSC05354.JPG,7008 3944 3504 1972,74.34 m,44.23 m
DSC05355.JPG,7008 3944 3504 1972,74.34 m,44.23 m
DSC05358.JPG,7008 3944 3504 1972,74.34 m,44.23 m
DSC05359.JPG,7008 3944 3504 1972,74.34 m,44.23 m
DSC05360.JPG,7008 3944 3504 1972,74.34 m,44.23 m
DSC05362.JPG,7008 3944 3504 1972,74.34 m,44.23 m
DSC05363.JPG,7008 3944 3504 1972,74.34 m,44.23 m
DSC05364.JPG,7008 3944 3504 1972,84.65 m,44.23 m
DSC05365.JPG,7008 3944 3504 1972,84.65 m,44.23 m
DSC05366.JPG,7008 3944 3504 1972,84.65 m,44.23 m
DSC05367.JPG,7008 3944 3504 1972,42.36 m,44.23 m
DSC05368.JPG,7008 3944 3504 1972,38.85 m,44.23 m
DSC05369.JPG,7008 3944 3504 1972,38.85 m,44.23 m
DSC05370.JPG,7008 3944 3504 1972,77.63 m,44.23 m
DSC05371.JPG,7008 3944 3504 1972,inf,44.23 m
DSC05375.JPG,7008 3944 3504 1972,20.48 m,58.24 m
DSC05376.JPG,7008 3944 3504 1972,17.23 m,58.24 m
DSC05385.JPG,7008 3944 3504 1972,37.50 m,58.24 m
DSC05387.JPG,7008 3944 3504 1972,110.62 m,58.24 m
DSC05391.JPG,7008 3944 3504 1972,71.75 m,58.24 m
DSC05394.JPG,7008 3944 3504 1972,93.03 m,58.24 m
DSC05395.JPG,7008 3944 3504 1972,89.09 m,58.24 m
DSC05396.JPG,7008 3944 3504 1972,93.03 m,58.24 m
DSC05397.JPG,7008 3944 3504 1972,93.03 m,58.24 m
DSC05398.JPG,7008 3944 3504 1972,71.75 m,58.24 m
DSC05399.JPG,7008 3944 3504 1972,71.75 m,58.24 m
DSC05400.JPG,7008 3944 3504 1972,71.75 m,58.24 m
DSC05401.JPG,7008 3944 3504 1972,85.31 m,58.24 m
DSC05404.JPG,7008 3944 3504 1972,71.75 m,58.24 m
DSC05411.JPG,7008 3944 3504 1972,34.39 m,58.24 m
DSC05415.JPG,7008 3944 3504 1972,13.89 m,58.24 m
DSC05418.JPG,7008 3944 3504 1972,15.81 m,58.24 m
DSC05419.JPG,7008 3944 3504 1972,22.78 m,18.08 m
DSC05420.JPG,7008 3944 3504 1972,44.58 m,58.24 m
DSC05424.JPG,7008 3944 3504 1972,22.32 m,58.24 m
DSC05425.JPG,7008 3944 3504 1972,22.32 m,58.24 m
DSC05431.JPG,7008 3944 3504 1972,60.35 m,58.24 m
DSC05432.JPG,7008 3944 3504 1972,20.48 m,58.24 m
DSC05433.JPG,7008 3944 3504 1972,50.76 m,58.24 m
DSC05435.JPG,7008 3944 3504 1972,125.96 m,58.24 m
DSC05436.JPG,7008 3944 3504 1972,110.62 m,58.24 m
DSC05437.JPG,7008 3944 3504 1972,97.14 m,58.24 m
DSC05438.JPG,7008 3944 3504 1972,120.62 m,58.24 m
DSC05441.JPG,7008 3944 3504 1972,89.09 m,58.24 m
DSC05442.JPG,7008 3944 3504 1972,89.09 m,58.24 m
DSC05443.JPG,7008 3944 3504 1972,89.09 m,58.24 m
DSC05444.JPG,7008 3944 3504 1972,71.75 m,58.24 m
DSC05445.JPG,7008 3944 3504 1972,65.80 m,58.24 m
DSC05446.JPG,7008 3944 3504 1972,39.15 m,58.24 m
DSC05447.JPG,7008 3944 3504 1972,37.50 m,58.24 m
DSC05448.JPG,7008 3944 3504 1972,35.91 m,58.24 m
DSC05451.JPG,7008 3944 3504 1972,28.93 m,58.24 m
DSC05458.JPG,7008 3944 3504 1972,16.65 m,29.72 m
DSC05463.JPG,7008 3944 3504 1972,14.63 m,29.72 m
DSC05464.JPG,7008 3944 3504 1972,14.63 m,29.72 m
DSC05465.JPG,7008 3944 3504 1972,14.01 m,29.72 m
DSC05469.JPG,7008 3944 3504 1972,49.08 m,29.72 m
DSC05470.JPG,7008 3944 3504 1972,10.36 m,29.72 m
DSC05471.JPG,7008 3944 3504 1972,10.36 m,29.72 m
DSC05473.JPG,7008 3944 3504 1972,33.25 m,29.72 m
DSC05474.JPG,7008 3944 3504 1972,19.79 m,29.72 m
DSC05475.JPG,7008 3944 3504 1972,19.79 m,29.72 m
DSC05477.JPG,7008 3944 3504 1972,19.79 m,29.72 m
DSC05478.JPG,7008 3944 3504 1972,45.01 m,29.72 m
DSC05479.JPG,7008 3944 3504 1972,53.52 m,29.72 m
DSC05480.JPG,7008 3944 3504 1972,51.25 m,29.72 m
DSC05483.JPG,7008 3944 3504 1972,75.66 m,29.72 m
DSC05484.JPG,7008 3944 3504 1972,93.95 m,29.72 m
DSC05485.JPG,7008 3944 3504 1972,93.95 m,29.72 m
DSC05488.JPG,7008 3944 3504 1972,inf,29.72 m
DSC05489.JPG,7008 3944 3504 1972,inf,29.72 m
DSC05491.JPG,7008 3944 3504 1972,93.95 m,29.72 m
DSC05492.JPG,7008 3944 3504 1972,86.16 m,29.72 m
DSC05493.JPG,7008 3944 3504 1972,86.16 m,29.72 m
DSC05494.JPG,7008 3944 3504 1972,86.16 m,29.72 m
DSC05495.JPG,7008 3944 3504 1972,86.16 m,29.72 m
DSC05500.JPG,7008 3944 3504 1972,inf,29.72 m
DSC05501.JPG,7008 3944 3504 1972,inf,29.72 m
DSC05502.JPG,7008 3944 3504 1972,inf,29.72 m
DSC05503.JPG,7008 3944 3504 1972,86.16 m,29.72 m
DSC05505.JPG,7008 3944 3504 1972,inf,29.72 m
DSC05507.JPG,7008 3944 3504 1972,inf,29.72 m
DSC05508.JPG,7008 3944 3504 1972,inf,29.72 m
DSC05509.JPG,7008 3944 3504 1972,inf,29.72 m
DSC05510.JPG,7008 3944 3504 1972,inf,29.72 m
DSC05512.JPG,7008 3944 3504 1972,inf,29.72 m
DSC05514.JPG,7008 3944 3504 1972,inf,29.72 m
DSC05515.JPG,7008 3944 3504 1972,inf,29.72 m
DSC05516.JPG,7008 3944 3504 1972,inf,29.72 m
DSC05519.JPG,7008 3944 3504 1972,inf,29.72 m
DSC05520.JPG,7008 3944 3504 1972,inf,29.72 m
DSC05523.JPG,7008 3944 3504 1972,78.24 m,58.24 m
DSC05525.JPG,7008 3944 3504 1972,97.14 m,58.24 m
DSC05527.JPG,7008 3944 3504 1972,93.03 m,58.24 m
DSC05530.JPG,7008 3944 3504 1972,97.14 m,58.24 m
DSC05531.JPG,7008 3944 3504 1972,101.44 m,58.24 m
DSC05532.JPG,7008 3944 3504 1972,89.09 m,58.24 m
DSC05533.JPG,7008 3944 3504 1972,89.09 m,58.24 m
DSC05536.JPG,7008 3944 3504 1972,50.76 m,58.24 m
DSC05537.JPG,7008 3944 3504 1972,50.76 m,58.24 m
DSC05538.JPG,7008 3944 3504 1972,50.76 m,58.24 m
DSC05540.JPG,7008 3944 3504 1972,50.76 m,58.24 m
DSC05542.JPG,7008 3944 3504 1972,50.76 m,58.24 m
DSC05543.JPG,7008 3944 3504 1972,50.76 m,58.24 m
DSC05545.JPG,7008 3944 3504 1972,42.69 m,58.24 m
DSC05546.JPG,7008 3944 3504 1972,42.69 m,58.24 m
DSC05547.JPG,7008 3944 3504 1972,44.58 m,58.24 m
DSC05548.JPG,7008 3944 3504 1972,44.58 m,58.24 m
DSC05549.JPG,7008 3944 3504 1972,53.00 m,58.24 m
DSC05550.JPG,7008 3944 3504 1972,50.76 m,58.24 m
DSC05551.JPG,7008 3944 3504 1972,48.61 m,58.24 m
DSC05552.JPG,7008 3944 3504 1972,48.61 m,58.24 m
DSC05553.JPG,7008 3944 3504 1972,44.58 m,58.24 m
DSC05555.JPG,7008 3944 3504 1972,44.58 m,58.24 m
DSC05557.JPG,7008 3944 3504 1972,40.88 m,58.24 m
DSC05559.JPG,7008 3944 3504 1972,23.31 m,58.24 m
DSC05560.JPG,7008 3944 3504 1972,24.34 m,58.24 m
DSC05562.JPG,7008 3944 3504 1972,32.94 m,58.24 m
DSC05563.JPG,7008 3944 3504 1972,32.94 m,58.24 m
DSC05565.JPG,7008 3944 3504 1972,32.94 m,58.24 m
DSC05573.JPG,7008 3944 3504 1972,17.99 m,58.24 m
DSC05574.JPG,7008 3944 3504 1972,17.99 m,58.24 m
DSC05577.JPG,7008 3944 3504 1972,17.23 m,58.24 m
DSC05585.JPG,7008 3944 3504 1972,19.61 m,58.24 m
DSC05586.JPG,7008 3944 3504 1972,19.61 m,58.24 m
DSC05590.JPG,7008 3944 3504 1972,17.23 m,58.24 m
DSC05596.JPG,7008 3944 3504 1972,57.79 m,58.24 m
DSC05600.JPG,7008 3944 3504 1972,85.31 m,58.24 m
DSC05602.JPG,7008 3944 3504 1972,53.00 m,58.24 m
DSC05604.JPG,7008 3944 3504 1972,78.24 m,58.24 m
DSC05605.JPG,7008 3944 3504 1972,65.80 m,58.24 m
DSC05609.JPG,7008 3944 3504 1972,81.70 m,58.24 m
DSC05613.JPG,7008 3944 3504 1972,115.51 m,58.24 m
DSC05616.JPG,7008 3944 3504 1972,105.93 m,58.24 m
DSC05620.JPG,7008 3944 3504 1972,89.09 m,58.24 m
DSC05627.JPG,7008 3944 3504 1972,48.61 m,58.24 m
DSC05630.JPG,7008 3944 3504 1972,44.58 m,58.24 m
DSC05631.JPG,7008 3944 3504 1972,40.88 m,58.24 m
DSC05634.JPG,7008 3944 3504 1972,45.86 m,39.99 m
DSC05635.JPG,7008 3944 3504 1972,40.27 m,39.99 m
DSC05637.JPG,7008 3944 3504 1972,91.65 m,39.99 m
DSC05641.JPG,7008 3944 3504 1972,99.94 m,39.99 m
DSC05643.JPG,7008 3944 3504 1972,95.71 m,39.99 m
DSC05644.JPG,7008 3944 3504 1972,95.71 m,39.99 m
DSC05648.JPG,7008 3944 3504 1972,108.98 m,39.99 m
DSC05652.JPG,7008 3944 3504 1972,inf,39.99 m
DSC05653.JPG,7008 3944 3504 1972,inf,39.99 m
DSC05654.JPG,7008 3944 3504 1972,108.98 m,39.99 m
DSC05660.JPG,7008 3944 3504 1972,32.94 m,58.24 m
DSC05668.JPG,7008 3944 3504 1972,101.44 m,58.24 m
DSC05669.JPG,7008 3944 3504 1972,101.44 m,58.24 m
DSC05670.JPG,7008 3944 3504 1972,74.92 m,58.24 m
DSC05672.JPG,7008 3944 3504 1972,68.71 m,58.24 m
DSC05675.JPG,7008 3944 3504 1972,48.61 m,58.24 m
DSC05678.JPG,7008 3944 3504 1972,25.41 m,58.24 m
DSC05679.JPG,7008 3944 3504 1972,25.41 m,58.24 m
DSC05680.JPG,7008 3944 3504 1972,23.31 m,58.24 m
DSC05681.JPG,7008 3944 3504 1972,23.31 m,58.24 m
DSC05697.JPG,7008 3944 3504 1972,55.81 m,45.69 m
DSC05698.JPG,7008 3944 3504 1972,55.81 m,45.69 m
DSC05699.JPG,7008 3944 3504 1972,53.45 m,45.69 m
DSC05702.JPG,7008 3944 3504 1972,43.05 m,45.69 m
DSC05712.JPG,7008 3944 3504 1972,60.86 m,45.69 m
DSC05723.JPG,7008 3944 3504 1972,27.71 m,58.24 m
DSC05724.JPG,7008 3944 3504 1972,63.01 m,58.24 m
DSC05725.JPG,7008 3944 3504 1972,4.03 m,27.39 m
DSC05726.JPG,7008 3944 3504 1972,39.63 m,27.39 m
DSC05727.JPG,7008 3944 3504 1972,17.23 m,58.24 m
DSC05728.JPG,7008 3944 3504 1972,17.23 m,58.24 m
DSC05730.JPG,7008 3944 3504 1972,55.34 m,58.24 m
DSC05731.JPG,7008 3944 3504 1972,34.39 m,58.24 m
DSC05732.JPG,7008 3944 3504 1972,34.39 m,58.24 m
DSC05735.JPG,7008 3944 3504 1972,63.01 m,58.24 m
DSC05736.JPG,7008 3944 3504 1972,53.00 m,58.24 m
DSC05739.JPG,7008 3944 3504 1972,11.69 m,58.24 m
DSC05760.JPG,7008 3944 3504 1972,39.15 m,58.24 m
DSC05761.JPG,7008 3944 3504 1972,40.88 m,58.24 m
DSC05766.JPG,7008 3944 3504 1972,27.71 m,58.24 m
DSC05768.JPG,7008 3944 3504 1972,60.35 m,58.24 m
DSC05769.JPG,7008 3944 3504 1972,60.35 m,58.24 m
DSC05770.JPG,7008 3944 3504 1972,53.00 m,58.24 m
DSC05771.JPG,7008 3944 3504 1972,53.00 m,58.24 m
DSC05772.JPG,7008 3944 3504 1972,53.00 m,58.24 m
DSC05773.JPG,7008 3944 3504 1972,55.34 m,58.24 m
DSC05774.JPG,7008 3944 3504 1972,53.00 m,58.24 m
DSC05776.JPG,7008 3944 3504 1972,53.00 m,58.24 m
DSC05780.JPG,7008 3944 3504 1972,39.15 m,58.24 m
DSC05781.JPG,7008 3944 3504 1972,39.15 m,58.24 m
DSC05792.JPG,7008 3944 3504 1972,44.58 m,58.24 m
DSC05803.JPG,7008 3944 3504 1972,6.98 m,58.24 m
DSC05804.JPG,7008 3944 3504 1972,37.50 m,58.24 m
DSC05813.JPG,7008 3944 3504 1972,78.24 m,58.24 m
DSC05816.JPG,7008 3944 3504 1972,81.70 m,58.24 m
DSC05817.JPG,7008 3944 3504 1972,89.09 m,58.24 m
DSC05818.JPG,7008 3944 3504 1972,81.70 m,58.24 m
DSC05819.JPG,7008 3944 3504 1972,68.71 m,58.24 m
DSC05823.JPG,7008 3944 3504 1972,50.76 m,58.24 m
DSC05826.JPG,7008 3944 3504 1972,63.01 m,58.24 m
DSC05827.JPG,7008 3944 3504 1972,68.71 m,58.24 m
DSC05828.JPG,7008 3944 3504 1972,71.75 m,58.24 m
DSC05832.JPG,7008 3944 3504 1972,50.76 m,58.24 m
DSC05833.JPG,7008 3944 3504 1972,101.44 m,58.24 m
DSC05835.JPG,7008 3944 3504 1972,30.21 m,58.24 m
DSC05837.JPG,7008 3944 3504 1972,41.28 m,29.72 m
DSC05838.JPG,7008 3944 3504 1972,39.53 m,29.72 m
DSC05839.JPG,7008 3944 3504 1972,31.84 m,29.72 m
DSC05840.JPG,7008 3944 3504 1972,33.25 m,29.72 m
DSC05842.JPG,7008 3944 3504 1972,33.25 m,29.72 m
DSC05843.JPG,7008 3944 3504 1972,33.25 m,29.72 m
DSC05844.JPG,7008 3944 3504 1972,34.72 m,29.72 m
DSC05845.JPG,7008 3944 3504 1972,51.25 m,29.72 m
DSC05847.JPG,7008 3944 3504 1972,41.28 m,29.72 m
DSC05848.JPG,7008 3944 3504 1972,41.28 m,29.72 m
DSC05849.JPG,7008 3944 3504 1972,41.28 m,29.72 m
DSC05853.JPG,7008 3944 3504 1972,47.00 m,29.72 m
DSC05860.JPG,7008 3944 3504 1972,36.25 m,29.72 m
DSC05861.JPG,7008 3944 3504 1972,36.25 m,29.72 m
DSC05862.JPG,7008 3944 3504 1972,37.86 m,29.72 m
DSC05863.JPG,7008 3944 3504 1972,37.86 m,29.72 m
DSC05864.JPG,7008 3944 3504 1972,37.86 m,29.72 m
DSC05866.JPG,7008 3944 3504 1972,3.16 m,19.98 m
DSC05871.JPG,7008 3944 3504 1972,31.25 m,26.26 m
DSC05873.JPG,7008 3944 3504 1972,23.09 m,26.26 m
DSC05874.JPG,7008 3944 3504 1972,23.09 m,26.26 m
DSC05876.JPG,7008 3944 3504 1972,11.57 m,26.26 m
DSC05881.JPG,7008 3944 3504 1972,inf,58.24 m
DSC05892.JPG,7008 3944 3504 1972,48.61 m,58.24 m
DSC05895.JPG,7008 3944 3504 1972,7.94 m,58.24 m
DSC05900.JPG,7008 3944 3504 1972,23.03 m,21.98 m
DSC05926.JPG,7008 3944 3504 1972,40.88 m,58.24 m
DSC05942.JPG,7008 3944 3504 1972,63.01 m,58.24 m
DSC05950.JPG,7008 3944 3504 1972,31.30 m,9.32 m
DSC05958.JPG,7008 3944 3504 1972,10.73 m,58.24 m
DSC05960.JPG,7008 3944 3504 1972,10.73 m,58.24 m
DSC05964.JPG,7008 3944 3504 1972,57.79 m,58.24 m
DSC05968.JPG,7008 3944 3504 1972,40.88 m,58.24 m
DSC05970.JPG,7008 3944 3504 1972,15.81 m,58.24 m
DSC05976.JPG,7008 3944 3504 1972,43.50 m,42.79 m
DSC05977.JPG,7008 3944 3504 1972,41.66 m,42.79 m
DSC05981.JPG,7008 3944 3504 1972,81.70 m,58.24 m
DSC05987.JPG,7008 3944 3504 1972,42.69 m,58.24 m
DSC05992.JPG,7008 3944 3504 1972,31.54 m,58.24 m
DSC05993.JPG,7008 3944 3504 1972,39.15 m,58.24 m
DSC05994.JPG,7008 3944 3504 1972,37.50 m,58.24 m
DSC05996.JPG,7008 3944 3504 1972,42.69 m,58.24 m
DSC05998.JPG,7008 3944 3504 1972,32.94 m,58.24 m
DSC05999.JPG,7008 3944 3504 1972,32.94 m,58.24 m
DSC06001.JPG,7008 3944 3504 1972,39.15 m,58.24 m
DSC06006.JPG,7008 3944 3504 1972,39.15 m,58.24 m
DSC06007.JPG,7008 3944 3504 1972,46.55 m,58.24 m
DSC06015.JPG,7008 3944 3504 1972,55.34 m,58.24 m
DSC06019.JPG,7008 3944 3504 1972,53.00 m,58.24 m
DSC06024.JPG,7008 3944 3504 1972,60.35 m,58.24 m
DSC06025.JPG,7008 3944 3504 1972,60.35 m,58.24 m
DSC06026.JPG,7008 3944 3504 1972,60.35 m,58.24 m
DSC06027.JPG,7008 3944 3504 1972,60.35 m,58.24 m
DSC06028.JPG,7008 3944 3504 1972,60.35 m,58.24 m
DSC06029.JPG,7008 3944 3504 1972,60.35 m,58.24 m
DSC06030.JPG,7008 3944 3504 1972,60.35 m,58.24 m
DSC06031.JPG,7008 3944 3504 1972,60.35 m,58.24 m
DSC06032.JPG,7008 3944 3504 1972,57.79 m,58.24 m
DSC06033.JPG,7008 3944 3504 1972,65.80 m,58.24 m
DSC06035.JPG,7008 3944 3504 1972,65.80 m,58.24 m
DSC06036.JPG,7008 3944 3504 1972,65.80 m,58.24 m
DSC06037.JPG,7008 3944 3504 1972,57.79 m,58.24 m
DSC06038.JPG,7008 3944 3504 1972,78.24 m,58.24 m
DSC06041.JPG,7008 3944 3504 1972,89.09 m,58.24 m
DSC06042.JPG,7008 3944 3504 1972,101.44 m,58.24 m
DSC06045.JPG,7008 3944 3504 1972,89.09 m,58.24 m
DSC06047.JPG,7008 3944 3504 1972,42.69 m,58.24 m
DSC06048.JPG,7008 3944 3504 1972,42.69 m,58.24 m
DSC06049.JPG,7008 3944 3504 1972,39.15 m,58.24 m
DSC06050.JPG,7008 3944 3504 1972,37.50 m,58.24 m
DSC06054.JPG,7008 3944 3504 1972,42.69 m,58.24 m
DSC06056.JPG,7008 3944 3504 1972,17.99 m,58.24 m
DSC06057.JPG,7008 3944 3504 1972,12.74 m,58.24 m
DSC06063.JPG,7008 3944 3504 1972,10.27 m,58.24 m
DSC06075.JPG,7008 3944 3504 1972,39.26 m,19.02 m
DSC06102.JPG,7008 3944 3504 1972,44.58 m,58.24 m
DSC06109.JPG,7008 3944 3504 1972,35.91 m,58.24 m
DSC06110.JPG,7008 3944 3504 1972,39.15 m,58.24 m
DSC06111.JPG,7008 3944 3504 1972,25.41 m,58.24 m
DSC06119.JPG,7008 3944 3504 1972,18.15 m,29.72 m
DSC06120.JPG,7008 3944 3504 1972,17.38 m,29.72 m
DSC06121.JPG,7008 3944 3504 1972,14.01 m,29.72 m
DSC06124.JPG,7008 3944 3504 1972,110.62 m,58.24 m
DSC06125.JPG,7008 3944 3504 1972,101.44 m,58.24 m
DSC06126.JPG,7008 3944 3504 1972,110.62 m,58.24 m
DSC06127.JPG,7008 3944 3504 1972,89.09 m,58.24 m
DSC06128.JPG,7008 3944 3504 1972,97.14 m,58.24 m
DSC06129.JPG,7008 3944 3504 1972,81.70 m,58.24 m
DSC06130.JPG,7008 3944 3504 1972,97.14 m,58.24 m
DSC06131.JPG,7008 3944 3504 1972,105.93 m,58.24 m
DSC06132.JPG,7008 3944 3504 1972,101.44 m,58.24 m
DSC06133.JPG,7008 3944 3504 1972,105.93 m,58.24 m
DSC06134.JPG,7008 3944 3504 1972,110.62 m,58.24 m
DSC06135.JPG,7008 3944 3504 1972,97.14 m,58.24 m
DSC06136.JPG,7008 3944 3504 1972,97.14 m,58.24 m
DSC06137.JPG,7008 3944 3504 1972,89.09 m,58.24 m
DSC06138.JPG,7008 3944 3504 1972,97.14 m,58.24 m
DSC06139.JPG,7008 3944 3504 1972,101.44 m,58.24 m
DSC06140.JPG,7008 3944 3504 1972,101.44 m,58.24 m
DSC06142.JPG,7008 3944 3504 1972,60.35 m,58.24 m
DSC06143.JPG,7008 3944 3504 1972,97.14 m,58.24 m
DSC06146.JPG,7008 3944 3504 1972,97.14 m,58.24 m
DSC06149.JPG,7008 3944 3504 1972,46.55 m,58.24 m
DSC06150.JPG,7008 3944 3504 1972,46.55 m,58.24 m
DSC06151.JPG,7008 3944 3504 1972,55.34 m,58.24 m
DSC06152.JPG,7008 3944 3504 1972,55.34 m,58.24 m
DSC06153.JPG,7008 3944 3504 1972,35.91 m,58.24 m
DSC06154.JPG,7008 3944 3504 1972,44.58 m,58.24 m
DSC06155.JPG,7008 3944 3504 1972,42.69 m,58.24 m
DSC06156.JPG,7008 3944 3504 1972,50.76 m,58.24 m
DSC06157.JPG,7008 3944 3504 1972,44.58 m,58.24 m
DSC06158.JPG,7008 3944 3504 1972,40.88 m,58.24 m
DSC06159.JPG,7008 3944 3504 1972,63.01 m,58.24 m
DSC06160.JPG,7008 3944 3504 1972,57.79 m,58.24 m
DSC06161.JPG,7008 3944 3504 1972,50.76 m,58.24 m
DSC06162.JPG,7008 3944 3504 1972,50.76 m,58.24 m
DSC06163.JPG,7008 3944 3504 1972,50.76 m,58.24 m
DSC06164.JPG,7008 3944 3504 1972,50.76 m,58.24 m
DSC06165.JPG,7008 3944 3504 1972,55.34 m,58.24 m
DSC06166.JPG,7008 3944 3504 1972,55.34 m,58.24 m
DSC06167.JPG,7008 3944 3504 1972,32.71 m,37.28 m
DSC06168.JPG,7008 3944 3504 1972,32.71 m,37.28 m
DSC06169.JPG,7008 3944 3504 1972,59.94 m,37.28 m
DSC06170.JPG,7008 3944 3504 1972,57.40 m,37.28 m
DSC06171.JPG,7008 3944 3504 1972,48.28 m,37.28 m
DSC06172.JPG,7008 3944 3504 1972,31.32 m,37.28 m
DSC06173.JPG,7008 3944 3504 1972,37.24 m,37.28 m
DSC06174.JPG,7008 3944 3504 1972,34.15 m,37.28 m
DSC06175.JPG,7008 3944 3504 1972,34.15 m,37.28 m
DSC06176.JPG,7008 3944 3504 1972,34.15 m,37.28 m
DSC06177.JPG,7008 3944 3504 1972,35.66 m,37.28 m
DSC06178.JPG,7008 3944 3504 1972,35.66 m,37.28 m
DSC06179.JPG,7008 3944 3504 1972,50.41 m,37.28 m
DSC06180.JPG,7008 3944 3504 1972,50.41 m,37.28 m
DSC06181.JPG,7008 3944 3504 1972,40.60 m,37.28 m
DSC06182.JPG,7008 3944 3504 1972,44.27 m,37.28 m
DSC06183.JPG,7008 3944 3504 1972,42.40 m,37.28 m
DSC06184.JPG,7008 3944 3504 1972,37.24 m,37.28 m
DSC06185.JPG,7008 3944 3504 1972,34.15 m,37.28 m
DSC06186.JPG,7008 3944 3504 1972,34.15 m,37.28 m
DSC06187.JPG,7008 3944 3504 1972,59.38 m,12.94 m
DSC06188.JPG,7008 3944 3504 1972,54.45 m,12.94 m
DSC06189.JPG,7008 3944 3504 1972,54.45 m,12.94 m
DSC06190.JPG,7008 3944 3504 1972,24.39 m,19.02 m
DSC06191.JPG,7008 3944 3504 1972,24.39 m,19.02 m
DSC06192.JPG,7008 3944 3504 1972,24.39 m,19.02 m
DSC06193.JPG,7008 3944 3504 1972,24.39 m,19.02 m
DSC06194.JPG,7008 3944 3504 1972,27.78 m,19.02 m
DSC06195.JPG,7008 3944 3504 1972,27.78 m,19.02 m
DSC06196.JPG,7008 3944 3504 1972,27.78 m,19.02 m
DSC06197.JPG,7008 3944 3504 1972,30.29 m,19.02 m
DSC06198.JPG,7008 3944 3504 1972,30.29 m,19.02 m
DSC06199.JPG,7008 3944 3504 1972,26.60 m,19.02 m
DSC06200.JPG,7008 3944 3504 1972,26.60 m,19.02 m
DSC06201.JPG,7008 3944 3504 1972,26.60 m,19.02 m
DSC06202.JPG,7008 3944 3504 1972,26.60 m,19.02 m
DSC06203.JPG,7008 3944 3504 1972,26.60 m,19.02 m
DSC06204.JPG,7008 3944 3504 1972,26.60 m,19.02 m
DSC06205.JPG,7008 3944 3504 1972,26.60 m,19.02 m
DSC06206.JPG,7008 3944 3504 1972,26.60 m,19.02 m
DSC06207.JPG,7008 3944 3504 1972,26.60 m,19.02 m
DSC06208.JPG,7008 3944 3504 1972,31.62 m,19.02 m
DSC06209.JPG,7008 3944 3504 1972,50.91 m,19.02 m
DSC06210.JPG,7008 3944 3504 1972,50.91 m,19.02 m
DSC06211.JPG,7008 3944 3504 1972,44.71 m,19.02 m
DSC06212.JPG,7008 3944 3504 1972,41.00 m,19.02 m
DSC06213.JPG,7008 3944 3504 1972,41.00 m,19.02 m
DSC06214.JPG,7008 3944 3504 1972,39.26 m,19.02 m
DSC06215.JPG,7008 3944 3504 1972,37.60 m,19.02 m
DSC06216.JPG,7008 3944 3504 1972,41.00 m,19.02 m
DSC06217.JPG,7008 3944 3504 1972,41.00 m,19.02 m
DSC06218.JPG,7008 3944 3504 1972,60.53 m,19.02 m
DSC06219.JPG,7008 3944 3504 1972,27.78 m,19.02 m
DSC06220.JPG,7008 3944 3504 1972,30.29 m,19.02 m
DSC06221.JPG,7008 3944 3504 1972,34.48 m,19.02 m
DSC06222.JPG,7008 3944 3504 1972,26.60 m,19.02 m
DSC06223.JPG,7008 3944 3504 1972,26.60 m,19.02 m
DSC06224.JPG,7008 3944 3504 1972,31.62 m,19.02 m
DSC06226.JPG,7008 3944 3504 1972,26.60 m,19.02 m
DSC06227.JPG,7008 3944 3504 1972,20.48 m,58.24 m
DSC06228.JPG,7008 3944 3504 1972,26.53 m,58.24 m
DSC06229.JPG,7008 3944 3504 1972,11.69 m,58.24 m
DSC06230.JPG,7008 3944 3504 1972,10.73 m,58.24 m
DSC06231.JPG,7008 3944 3504 1972,10.73 m,58.24 m
DSC06233.JPG,7008 3944 3504 1972,1.29 m,58.24 m
DSC06234.JPG,7008 3944 3504 1972,inf,58.24 m
DSC06236.JPG,7008 3944 3504 1972,115.51 m,58.24 m
DSC06237.JPG,7008 3944 3504 1972,101.44 m,58.24 m
DSC06239.JPG,7008 3944 3504 1972,31.54 m,58.24 m
DSC06240.JPG,7008 3944 3504 1972,31.54 m,58.24 m
DSC06242.JPG,7008 3944 3504 1972,37.50 m,58.24 m
DSC06244.JPG,7008 3944 3504 1972,24.34 m,58.24 m
DSC06245.JPG,7008 3944 3504 1972,27.71 m,58.24 m
DSC06246.JPG,7008 3944 3504 1972,27.71 m,58.24 m
DSC06248.JPG,7008 3944 3504 1972,26.53 m,58.24 m
DSC06249.JPG,7008 3944 3504 1972,26.53 m,58.24 m
DSC06250.JPG,7008 3944 3504 1972,26.53 m,58.24 m
DSC06252.JPG,7008 3944 3504 1972,12.20 m,58.24 m
DSC06255.JPG,7008 3944 3504 1972,37.50 m,58.24 m
DSC06257.JPG,7008 3944 3504 1972,7.28 m,58.24 m
DSC06258.JPG,7008 3944 3504 1972,7.28 m,58.24 m
DSC06262.JPG,7008 3944 3504 1972,34.39 m,58.24 m
DSC06282.JPG,7008 3944 3504 1972,22.32 m,58.24 m
DSC06284.JPG,7008 3944 3504 1972,58.50 m,27.39 m
DSC06286.JPG,7008 3944 3504 1972,49.20 m,27.39 m
DSC06287.JPG,7008 3944 3504 1972,49.20 m,27.39 m
DSC06290.JPG,7008 3944 3504 1972,28.03 m,27.39 m
DSC06291.JPG,7008 3944 3504 1972,39.63 m,27.39 m
DSC06292.JPG,7008 3944 3504 1972,34.80 m,27.39 m
DSC06294.JPG,7008 3944 3504 1972,19.00 m,27.39 m
DSC06295.JPG,7008 3944 3504 1972,19.84 m,27.39 m
DSC06297.JPG,7008 3944 3504 1972,14.65 m,38.62 m
DSC06298.JPG,7008 3944 3504 1972,47.06 m,38.62 m
DSC06300.JPG,7008 3944 3504 1972,82.60 m,38.62 m
DSC06302.JPG,7008 3944 3504 1972,28.00 m,38.62 m
DSC06308.JPG,7008 3944 3504 1972,34.76 m,38.62 m
DSC06309.JPG,7008 3944 3504 1972,34.76 m,38.62 m
DSC06310.JPG,7008 3944 3504 1972,34.76 m,38.62 m
DSC06311.JPG,7008 3944 3504 1972,36.30 m,38.62 m
DSC06312.JPG,7008 3944 3504 1972,15.30 m,38.62 m
DSC06316.JPG,7008 3944 3504 1972,63.71 m,38.62 m
DSC06317.JPG,7008 3944 3504 1972,63.71 m,38.62 m
DSC06318.JPG,7008 3944 3504 1972,55.95 m,38.62 m
DSC06319.JPG,7008 3944 3504 1972,55.95 m,38.62 m
DSC06320.JPG,7008 3944 3504 1972,55.95 m,38.62 m
DSC06321.JPG,7008 3944 3504 1972,55.95 m,38.62 m
DSC06322.JPG,7008 3944 3504 1972,47.06 m,38.62 m
DSC06323.JPG,7008 3944 3504 1972,45.06 m,38.62 m
DSC06324.JPG,7008 3944 3504 1972,45.06 m,38.62 m
DSC06325.JPG,7008 3944 3504 1972,45.06 m,38.62 m
DSC06326.JPG,7008 3944 3504 1972,36.30 m,38.62 m
DSC06328.JPG,7008 3944 3504 1972,36.30 m,38.62 m
DSC06329.JPG,7008 3944 3504 1972,36.30 m,38.62 m
DSC06330.JPG,7008 3944 3504 1972,36.30 m,38.62 m
DSC06331.JPG,7008 3944 3504 1972,47.06 m,38.62 m
DSC06332.JPG,7008 3944 3504 1972,51.31 m,38.62 m
DSC06333.JPG,7008 3944 3504 1972,47.06 m,38.62 m
DSC06335.JPG,7008 3944 3504 1972,47.06 m,38.62 m
DSC06340.JPG,7008 3944 3504 1972,43.16 m,38.62 m
DSC06344.JPG,7008 3944 3504 1972,79.10 m,38.62 m
DSC06346.JPG,7008 3944 3504 1972,63.71 m,38.62 m
DSC06348.JPG,7008 3944 3504 1972,63.71 m,38.62 m
DSC06351.JPG,7008 3944 3504 1972,69.47 m,38.62 m
DSC06352.JPG,7008 3944 3504 1972,58.42 m,38.62 m
DSC06353.JPG,7008 3944 3504 1972,66.53 m,38.62 m
DSC06354.JPG,7008 3944 3504 1972,66.53 m,38.62 m
DSC06368.JPG,7008 3944 3504 1972,53.58 m,38.62 m
DSC06373.JPG,7008 3944 3504 1972,16.67 m,38.62 m
DSC06374.JPG,7008 3944 3504 1972,14.65 m,38.62 m
DSC06375.JPG,7008 3944 3504 1972,12.87 m,38.62 m
DSC06376.JPG,7008 3944 3504 1972,18.18 m,38.62 m
DSC06379.JPG,7008 3944 3504 1972,42.69 m,58.24 m
DSC06384.JPG,7008 3944 3504 1972,28.01 m,6.85 m
DSC06385.JPG,7008 3944 3504 1972,19.81 m,6.85 m
DSC06386.JPG,7008 3944 3504 1972,19.81 m,6.85 m
DSC06391.JPG,7008 3944 3504 1972,11.69 m,58.24 m
DSC06393.JPG,7008 3944 3504 1972,85.31 m,58.24 m
DSC06394.JPG,7008 3944 3504 1972,39.15 m,58.24 m
DSC06395.JPG,7008 3944 3504 1972,44.58 m,58.24 m
DSC06396.JPG,7008 3944 3504 1972,27.71 m,58.24 m
DSC06397.JPG,7008 3944 3504 1972,46.55 m,58.24 m
DSC06398.JPG,7008 3944 3504 1972,46.55 m,58.24 m
DSC06400.JPG,7008 3944 3504 1972,23.31 m,58.24 m
DSC06405.JPG,7008 3944 3504 1972,27.26 m,15.40 m
DSC06407.JPG,7008 3944 3504 1972,7.94 m,58.24 m
DSC06408.JPG,7008 3944 3504 1972,inf,8.04 m
DSC06412.JPG,7008 3944 3504 1972,32.94 m,58.24 m
DSC06413.JPG,7008 3944 3504 1972,27.71 m,58.24 m
DSC06416.JPG,7008 3944 3504 1972,22.32 m,58.24 m
DSC06419.JPG,7008 3944 3504 1972,78.24 m,50.96 m
DSC06421.JPG,7008 3944 3504 1972,27.71 m,40.77 m
DSC06422.JPG,7008 3944 3504 1972,39.15 m,58.24 m
DSC06424.JPG,7008 3944 3504 1972,48.61 m,58.24 m
DSC06425.JPG,7008 3944 3504 1972,48.61 m,58.24 m
DSC06426.JPG,7008 3944 3504 1972,42.69 m,58.24 m
DSC06427.JPG,7008 3944 3504 1972,42.69 m,40.77 m
DSC06428.JPG,7008 3944 3504 1972,42.69 m,40.77 m
DSC06429.JPG,7008 3944 3504 1972,42.69 m,40.77 m
DSC06430.JPG,7008 3944 3504 1972,42.69 m,40.77 m
DSC06431.JPG,7008 3944 3504 1972,42.69 m,40.77 m
DSC06432.JPG,7008 3944 3504 1972,42.69 m,40.77 m
DSC06433.JPG,7008 3944 3504 1972,42.69 m,40.77 m
DSC06434.JPG,7008 3944 3504 1972,48.61 m,58.24 m
DSC06435.JPG,7008 3944 3504 1972,48.61 m,40.77 m
DSC06438.JPG,7008 3944 3504 1972,30.21 m,58.24 m
DSC06439.JPG,7008 3944 3504 1972,16.50 m,58.24 m
DSC06441.JPG,7008 3944 3504 1972,16.50 m,40.77 m
DSC06442.JPG,7008 3944 3504 1972,20.48 m,58.24 m
DSC06444.JPG,7008 3944 3504 1972,30.21 m,58.24 m
DSC06445.JPG,7008 3944 3504 1972,30.21 m,40.77 m
DSC06446.JPG,7008 3944 3504 1972,27.71 m,58.24 m
DSC06447.JPG,7008 3944 3504 1972,26.53 m,58.24 m
DSC06448.JPG,7008 3944 3504 1972,23.31 m,40.77 m
DSC06450.JPG,7008 3944 3504 1972,23.31 m,40.77 m
DSC06451.JPG,7008 3944 3504 1972,40.88 m,58.24 m
DSC06452.JPG,7008 3944 3504 1972,42.69 m,58.24 m
DSC06453.JPG,7008 3944 3504 1972,40.88 m,58.24 m
DSC06454.JPG,7008 3944 3504 1972,42.69 m,58.24 m
DSC06455.JPG,7008 3944 3504 1972,50.76 m,58.24 m
DSC06456.JPG,7008 3944 3504 1972,55.34 m,40.77 m
DSC06457.JPG,7008 3944 3504 1972,48.61 m,58.24 m
DSC06458.JPG,7008 3944 3504 1972,44.58 m,40.77 m
DSC06459.JPG,7008 3944 3504 1972,27.71 m,58.24 m
DSC06460.JPG,7008 3944 3504 1972,31.54 m,58.24 m
DSC06461.JPG,7008 3944 3504 1972,31.54 m,40.77 m
DSC06462.JPG,7008 3944 3504 1972,25.41 m,58.24 m
DSC06463.JPG,7008 3944 3504 1972,25.41 m,40.77 m
DSC06464.JPG,7008 3944 3504 1972,25.41 m,40.77 m
DSC06465.JPG,7008 3944 3504 1972,25.41 m,58.24 m
DSC06467.JPG,7008 3944 3504 1972,42.69 m,40.77 m
DSC06468.JPG,7008 3944 3504 1972,42.69 m,40.77 m
DSC06472.JPG,7008 3944 3504 1972,30.21 m,40.77 m
DSC06473.JPG,7008 3944 3504 1972,30.21 m,40.77 m
DSC06474.JPG,7008 3944 3504 1972,31.54 m,50.96 m
DSC06475.JPG,7008 3944 3504 1972,31.54 m,40.77 m
DSC06476.JPG,7008 3944 3504 1972,31.54 m,40.77 m
DSC06477.JPG,7008 3944 3504 1972,31.54 m,40.77 m
DSC06478.JPG,7008 3944 3504 1972,31.54 m,40.77 m
DSC06479.JPG,7008 3944 3504 1972,31.54 m,58.24 m
DSC06480.JPG,7008 3944 3504 1972,31.54 m,40.77 m
DSC06483.JPG,7008 3944 3504 1972,57.79 m,58.24 m
DSC06484.JPG,7008 3944 3504 1972,27.71 m,58.24 m
DSC06485.JPG,7008 3944 3504 1972,27.71 m,40.77 m
DSC06486.JPG,7008 3944 3504 1972,23.31 m,50.96 m
DSC06487.JPG,7008 3944 3504 1972,23.31 m,40.77 m
DSC06488.JPG,7008 3944 3504 1972,26.53 m,50.96 m
DSC06489.JPG,7008 3944 3504 1972,25.41 m,40.77 m
DSC06490.JPG,7008 3944 3504 1972,34.39 m,46.59 m
DSC06491.JPG,7008 3944 3504 1972,37.50 m,58.24 m
DSC06492.JPG,7008 3944 3504 1972,55.34 m,58.24 m
DSC06493.JPG,7008 3944 3504 1972,71.75 m,58.24 m
DSC06494.JPG,7008 3944 3504 1972,71.75 m,40.77 m
DSC06495.JPG,7008 3944 3504 1972,71.75 m,58.24 m
DSC06496.JPG,7008 3944 3504 1972,63.01 m,40.77 m
DSC06500.JPG,7008 3944 3504 1972,21.38 m,58.24 m
DSC06501.JPG,7008 3944 3504 1972,20.48 m,58.24 m
DSC06502.JPG,7008 3944 3504 1972,14.50 m,40.77 m
DSC06503.JPG,7008 3944 3504 1972,8.65 m,58.24 m
DSC06504.JPG,7008 3944 3504 1972,23.31 m,58.24 m
DSC06506.JPG,7008 3944 3504 1972,17.99 m,58.24 m
DSC06507.JPG,7008 3944 3504 1972,28.93 m,58.24 m
DSC06511.JPG,7008 3944 3504 1972,25.17 m,24.07 m
DSC06512.JPG,7008 3944 3504 1972,19.42 m,24.07 m
DSC06520.JPG,7008 3944 3504 1972,9.73 m,24.07 m
DSC06525.JPG,7008 3944 3504 1972,14.98 m,21.06 m
DSC06529.JPG,7008 3944 3504 1972,38.79 m,24.07 m
DSC06534.JPG,7008 3944 3504 1972,44.18 m,26.26 m
DSC06535.JPG,7008 3944 3504 1972,48.17 m,26.26 m
DSC06537.JPG,7008 3944 3504 1972,44.18 m,26.26 m
DSC06538.JPG,7008 3944 3504 1972,44.18 m,18.38 m
DSC06539.JPG,7008 3944 3504 1972,44.18 m,18.38 m
DSC06540.JPG,7008 3944 3504 1972,44.18 m,18.38 m
DSC06541.JPG,7008 3944 3504 1972,38.80 m,26.26 m
DSC06544.JPG,7008 3944 3504 1972,50.31 m,26.26 m
DSC06546.JPG,7008 3944 3504 1972,32.64 m,26.26 m
DSC06547.JPG,7008 3944 3504 1972,27.45 m,26.26 m
DSC06564.JPG,7008 3944 3504 1972,31.25 m,26.26 m
DSC06565.JPG,7008 3944 3504 1972,26.29 m,26.26 m
DSC06573.JPG,7008 3944 3504 1972,30.21 m,58.24 m
DSC06574.JPG,7008 3944 3504 1972,30.21 m,58.24 m
DSC06575.JPG,7008 3944 3504 1972,31.54 m,58.24 m
DSC06578.JPG,7008 3944 3504 1972,19.61 m,58.24 m
DSC06579.JPG,7008 3944 3504 1972,15.14 m,58.24 m
DSC06580.JPG,7008 3944 3504 1972,14.50 m,58.24 m
DSC06582.JPG,7008 3944 3504 1972,11.69 m,40.77 m
DSC06583.JPG,7008 3944 3504 1972,11.69 m,40.77 m
DSC06584.JPG,7008 3944 3504 1972,11.69 m,58.24 m
DSC06585.JPG,7008 3944 3504 1972,81.70 m,58.24 m
DSC06586.JPG,7008 3944 3504 1972,81.70 m,58.24 m
DSC06587.JPG,7008 3944 3504 1972,61.10 m,50.22 m
DSC06588.JPG,7008 3944 3504 1972,56.04 m,50.22 m
DSC06589.JPG,7008 3944 3504 1972,56.04 m,50.22 m
DSC06590.JPG,7008 3944 3504 1972,56.04 m,50.22 m
DSC06591.JPG,7008 3944 3504 1972,66.62 m,50.22 m
DSC06592.JPG,7008 3944 3504 1972,47.13 m,50.22 m
DSC06593.JPG,7008 3944 3504 1972,5.70 m,50.22 m
DSC06595.JPG,7008 3944 3504 1972,58.51 m,50.22 m
DSC06596.JPG,7008 3944 3504 1972,19.01 m,50.22 m
DSC06597.JPG,7008 3944 3504 1972,16.70 m,50.22 m
DSC06601.JPG,7008 3944 3504 1972,34.82 m,50.22 m
DSC06605.JPG,7008 3944 3504 1972,20.98 m,47.18 m
DSC06606.JPG,7008 3944 3504 1972,16.91 m,47.18 m
DSC06607.JPG,7008 3944 3504 1972,40.12 m,47.18 m
DSC06608.JPG,7008 3944 3504 1972,40.12 m,47.18 m
DSC06612.JPG,7008 3944 3504 1972,16.91 m,33.02 m
DSC06613.JPG,7008 3944 3504 1972,16.91 m,33.02 m
DSC06621.JPG,7008 3944 3504 1972,21.90 m,47.18 m
DSC06625.JPG,7008 3944 3504 1972,10.08 m,47.18 m
DSC06636.JPG,7008 3944 3504 1972,16.91 m,47.18 m
DSC06637.JPG,7008 3944 3504 1972,16.91 m,33.02 m
DSC06640.JPG,7008 3944 3504 1972,89.09 m,58.24 m
DSC06641.JPG,7008 3944 3504 1972,89.09 m,58.24 m
DSC06642.JPG,7008 3944 3504 1972,105.93 m,58.24 m
DSC06644.JPG,7008 3944 3504 1972,115.51 m,58.24 m
DSC06648.JPG,7008 3944 3504 1972,4.96 m,40.77 m
DSC06649.JPG,7008 3944 3504 1972,17.99 m,58.24 m
DSC06655.JPG,7008 3944 3504 1972,11.20 m,40.77 m
DSC06656.JPG,7008 3944 3504 1972,12.20 m,58.24 m
DSC06657.JPG,7008 3944 3504 1972,14.50 m,58.24 m
DSC06673.JPG,7008 3944 3504 1972,32.94 m,40.77 m
DSC06674.JPG,7008 3944 3504 1972,8.65 m,58.24 m
DSC06675.JPG,7008 3944 3504 1972,26.53 m,58.24 m
DSC06676.JPG,7008 3944 3504 1972,24.34 m,58.24 m
DSC06677.JPG,7008 3944 3504 1972,25.41 m,40.77 m
DSC06678.JPG,7008 3944 3504 1972,8.29 m,40.77 m
DSC06679.JPG,7008 3944 3504 1972,17.99 m,40.77 m
DSC06681.JPG,7008 3944 3504 1972,8.65 m,58.24 m
DSC06682.JPG,7008 3944 3504 1972,20.48 m,40.77 m
DSC06684.JPG,7008 3944 3504 1972,22.32 m,40.77 m
DSC06686.JPG,7008 3944 3504 1972,26.53 m,40.77 m
DSC06691.JPG,7008 3944 3504 1972,52.45 m,19.98 m
DSC06692.JPG,7008 3944 3504 1972,48.10 m,19.98 m
DSC06693.JPG,7008 3944 3504 1972,50.23 m,19.98 m
DSC06700.JPG,7008 3944 3504 1972,42.24 m,19.98 m
DSC06702.JPG,7008 3944 3504 1972,42.24 m,19.98 m
DSC06707.JPG,7008 3944 3504 1972,19.39 m,28.54 m
DSC06708.JPG,7008 3944 3504 1972,28.62 m,28.54 m
DSC06709.JPG,7008 3944 3504 1972,28.62 m,28.54 m
DSC06712.JPG,7008 3944 3504 1972,44.11 m,19.98 m
DSC06713.JPG,7008 3944 3504 1972,46.06 m,19.98 m
DSC06714.JPG,7008 3944 3504 1972,23.05 m,19.98 m
DSC06715.JPG,7008 3944 3504 1972,26.25 m,19.98 m
DSC06716.JPG,7008 3944 3504 1972,32.58 m,28.54 m
DSC06717.JPG,7008 3944 3504 1972,8.65 m,40.77 m
DSC06718.JPG,7008 3944 3504 1972,10.27 m,58.24 m
DSC06719.JPG,7008 3944 3504 1972,10.27 m,58.24 m
DSC06720.JPG,7008 3944 3504 1972,16.50 m,58.24 m
DSC06721.JPG,7008 3944 3504 1972,17.23 m,40.77 m
DSC06724.JPG,7008 3944 3504 1972,26.53 m,58.24 m
DSC06727.JPG,7008 3944 3504 1972,13.89 m,58.24 m
DSC06728.JPG,7008 3944 3504 1972,13.89 m,40.77 m
DSC06729.JPG,7008 3944 3504 1972,7.60 m,58.24 m
DSC06730.JPG,7008 3944 3504 1972,8.65 m,58.24 m
DSC06731.JPG,7008 3944 3504 1972,8.65 m,40.77 m
DSC06737.JPG,7008 3944 3504 1972,26.53 m,58.24 m
DSC06738.JPG,7008 3944 3504 1972,26.53 m,40.77 m
DSC06743.JPG,7008 3944 3504 1972,30.21 m,40.77 m
DSC06748.JPG,7008 3944 3504 1972,27.71 m,40.77 m
DSC06754.JPG,7008 3944 3504 1972,6.98 m,58.24 m
DSC06755.JPG,7008 3944 3504 1972,7.94 m,40.77 m
DSC06758.JPG,7008 3944 3504 1972,9.02 m,34.66 m
DSC06772.JPG,7008 3944 3504 1972,inf,58.24 m
DSC06774.JPG,7008 3944 3504 1972,78.24 m,58.24 m
DSC06777.JPG,7008 3944 3504 1972,63.01 m,58.24 m
DSC06778.JPG,7008 3944 3504 1972,63.01 m,58.24 m
DSC06779.JPG,7008 3944 3504 1972,57.79 m,58.24 m
DSC06780.JPG,7008 3944 3504 1972,27.71 m,58.24 m
DSC06783.JPG,7008 3944 3504 1972,13.89 m,58.24 m
DSC06784.JPG,7008 3944 3504 1972,13.89 m,58.24 m
DSC06785.JPG,7008 3944 3504 1972,13.89 m,58.24 m
DSC06787.JPG,7008 3944 3504 1972,61.09 m,27.39 m
DSC06789.JPG,7008 3944 3504 1972,7.94 m,58.24 m
DSC06790.JPG,7008 3944 3504 1972,7.94 m,58.24 m
DSC06792.JPG,7008 3944 3504 1972,22.57 m,23.01 m
DSC06793.JPG,7008 3944 3504 1972,61.06 m,23.01 m
DSC06794.JPG,7008 3944 3504 1972,65.80 m,58.24 m
DSC06795.JPG,7008 3944 3504 1972,65.80 m,58.24 m
DSC06800.JPG,7008 3944 3504 1972,63.01 m,58.24 m
DSC06802.JPG,7008 3944 3504 1972,68.71 m,58.24 m
DSC06803.JPG,7008 3944 3504 1972,68.71 m,58.24 m
DSC06804.JPG,7008 3944 3504 1972,68.71 m,58.24 m
DSC06807.JPG,7008 3944 3504 1972,68.71 m,58.24 m
DSC06808.JPG,7008 3944 3504 1972,63.01 m,58.24 m
DSC06809.JPG,7008 3944 3504 1972,63.01 m,58.24 m
DSC06810.JPG,7008 3944 3504 1972,63.01 m,58.24 m
DSC06811.JPG,7008 3944 3504 1972,57.79 m,58.24 m
DSC06812.JPG,7008 3944 3504 1972,57.79 m,58.24 m
DSC06814.JPG,7008 3944 3504 1972,65.80 m,58.24 m
DSC06816.JPG,7008 3944 3504 1972,63.01 m,58.24 m
DSC06817.JPG,7008 3944 3504 1972,63.01 m,58.24 m
DSC06818.JPG,7008 3944 3504 1972,63.01 m,58.24 m
DSC06819.JPG,7008 3944 3504 1972,60.35 m,58.24 m
DSC06820.JPG,7008 3944 3504 1972,44.58 m,58.24 m
DSC06821.JPG,7008 3944 3504 1972,44.58 m,58.24 m
DSC06822.JPG,7008 3944 3504 1972,50.76 m,58.24 m
DSC06824.JPG,7008 3944 3504 1972,39.15 m,58.24 m
DSC06825.JPG,7008 3944 3504 1972,39.15 m,58.24 m
DSC06826.JPG,7008 3944 3504 1972,31.54 m,58.24 m
DSC06827.JPG,7008 3944 3504 1972,22.32 m,58.24 m
DSC06828.JPG,7008 3944 3504 1972,20.48 m,58.24 m
DSC06829.JPG,7008 3944 3504 1972,22.32 m,58.24 m
DSC06830.JPG,7008 3944 3504 1972,19.61 m,58.24 m
DSC06831.JPG,7008 3944 3504 1972,22.32 m,58.24 m
DSC06832.JPG,7008 3944 3504 1972,26.53 m,58.24 m
DSC06833.JPG,7008 3944 3504 1972,26.53 m,58.24 m
DSC06834.JPG,7008 3944 3504 1972,42.69 m,58.24 m
DSC06839.JPG,7008 3944 3504 1972,22.32 m,58.24 m
DSC06840.JPG,7008 3944 3504 1972,22.32 m,58.24 m
DSC06841.JPG,7008 3944 3504 1972,22.32 m,58.24 m
DSC06842.JPG,7008 3944 3504 1972,26.53 m,58.24 m
DSC06847.JPG,7008 3944 3504 1972,31.54 m,58.24 m
DSC06854.JPG,7008 3944 3504 1972,18.78 m,58.24 m
DSC06855.JPG,7008 3944 3504 1972,40.88 m,58.24 m
DSC06863.JPG,7008 3944 2430 1380,48.61 m,58.24 m
DSC06865.JPG,7008 3944 2912 1972,19.61 m,58.24 m
DSC06872.JPG,7008 3944 2737 1643,37.16 m,26.26 m
DSC06876.JPG,7008 3944 3306 1972,24.11 m,26.26 m
DSC06878.JPG,7008 3944 2715 1972,29.93 m,26.26 m
DSC06879.JPG,7008 3944 2321 1972,34.08 m,26.26 m
DSC06880.JPG,7008 3944 3504 1972,30.21 m,58.24 m
DSC06881.JPG,7008 3944 3799 1216,28.93 m,58.24 m
DSC06885.JPG,7008 3944 799 862,21.38 m,58.24 m
DSC06888.JPG,7008 3944 3504 1972,inf,17.16 m
DSC06889.JPG,7008 3944 2671 1470,60.05 m,17.16 m
DSC06890.JPG,7008 3944 2671 1470,60.05 m,17.16 m
DSC06892.JPG,7008 3944 4303 977,24.54 m,45.69 m
DSC06893.JPG,7008 3944 3898 1972,18.14 m,45.69 m
DSC06896.JPG,7008 3944 2518 1972,19.82 m,38.62 m
DSC06897.JPG,7008 3944 2945 1454,13.89 m,58.24 m
DSC06898.JPG,7008 3944 3580 1257,10.73 m,58.24 m
DSC06905.JPG,7008 3944 3504 1972,34.39 m,58.24 m
DSC06906.JPG,7008 3944 1434 1322,19.61 m,58.24 m
DSC06907.JPG,7008 3944 2321 1972,17.99 m,58.24 m
DSC06908.JPG,7008 3944 2321 1972,26.32 m,44.23 m
DSC06909.JPG,7008 3944 2518 1972,inf,16.27 m
DSC06910.JPG,7008 3944 1686 1676,25.69 m,16.27 m
DSC06912.JPG,7008 3944 2124 1972,23.56 m,16.27 m
DSC06913.JPG,7008 3944 3098 977,12.74 m,58.24 m
DSC06914.JPG,7008 3944 3098 977,12.74 m,58.24 m
DSC06920.JPG,7008 3944 3372 1955,27.08 m,18.08 m
DSC06923.JPG,7008 3944 3416 887,20.58 m,32.14 m
DSC06924.JPG,7008 3944 3931 903,10.32 m,32.14 m
DSC06929.JPG,7008 3944 4807 862,13.78 m,37.28 m
DSC06931.JPG,7008 3944 4686 1972,11.19 m,34.66 m
DSC06935.JPG,7008 3944 2321 1972,8.27 m,34.66 m
DSC06936.JPG,7008 3944 2715 2169,30.29 m,19.02 m
DSC06937.JPG,7008 3944 3504 1972,25.69 m,16.27 m
DSC06938.JPG,7008 3944 2737 1758,15.97 m,16.27 m
DSC06939.JPG,7008 3944 2737 1758,15.97 m,16.27 m
DSC06945.JPG,7008 3944 2124 1972,30.55 m,16.27 m
DSC06947.JPG,7008 3944 3931 1257,11.20 m,58.24 m
DSC06949.JPG,7008 3944 3504 1972,8.29 m,58.24 m
DSC06950.JPG,7008 3944 3668 821,7.28 m,58.24 m
